plate_map_name,well_position,broad_id,dose,dose_key,condition,split
C-7161-01-LM6-001,A07,BRD-K25114078,10.000000000000002,10.000000000000002,BRD-K25114078|10.000000000000002,development
C-7161-01-LM6-001,A08,BRD-K25114078,3.333333333330769,3.333333333330769,BRD-K25114078|3.3333333333307689,development
C-7161-01-LM6-001,A09,BRD-K25114078,1.1111111111153846,1.1111111111153846,BRD-K25114078|1.1111111111153846,development
C-7161-01-LM6-001,A10,BRD-K25114078,0.3703703703692307,0.3703703703692307,BRD-K25114078|0.37037037036923071,development
C-7161-01-LM6-001,A11,BRD-K25114078,0.1234567901230769,0.1234567901230769,BRD-K25114078|0.12345679012307691,development
C-7161-01-LM6-001,A12,BRD-K25114078,0.041152263376923,0.041152263376923,BRD-K25114078|0.041152263376923001,development
C-7161-01-LM6-001,A13,BRD-K25204779,10.000000000000002,10.000000000000002,BRD-K25204779|10.000000000000002,development
C-7161-01-LM6-001,A14,BRD-K25204779,3.333333333330769,3.333333333330769,BRD-K25204779|3.3333333333307689,development
C-7161-01-LM6-001,A15,BRD-K25204779,1.1111111111153846,1.1111111111153846,BRD-K25204779|1.1111111111153846,development
C-7161-01-LM6-001,A16,BRD-K25204779,0.3703703703692307,0.3703703703692307,BRD-K25204779|0.37037037036923071,development
C-7161-01-LM6-001,A17,BRD-K25204779,0.1234567901230769,0.1234567901230769,BRD-K25204779|0.12345679012307691,development
C-7161-01-LM6-001,A18,BRD-K25204779,0.041152263376923,0.041152263376923,BRD-K25204779|0.041152263376923001,development
C-7161-01-LM6-001,A19,BRD-K25361343,10.000000000000002,10.000000000000002,BRD-K25361343|10.000000000000002,development
C-7161-01-LM6-001,A20,BRD-K25361343,3.333333333330769,3.333333333330769,BRD-K25361343|3.3333333333307689,development
C-7161-01-LM6-001,A21,BRD-K25361343,1.1111111111153846,1.1111111111153846,BRD-K25361343|1.1111111111153846,development
C-7161-01-LM6-001,A22,BRD-K25361343,0.3703703703692307,0.3703703703692307,BRD-K25361343|0.37037037036923071,development
C-7161-01-LM6-001,A23,BRD-K25361343,0.1234567901230769,0.1234567901230769,BRD-K25361343|0.12345679012307691,development
C-7161-01-LM6-001,A24,BRD-K25361343,0.041152263376923,0.041152263376923,BRD-K25361343|0.041152263376923001,development
C-7161-01-LM6-001,B07,BRD-K25140590,10.000000000000002,10.000000000000002,BRD-K25140590|10.000000000000002,smoke_exposed
C-7161-01-LM6-001,B08,BRD-K25140590,3.333333333330769,3.333333333330769,BRD-K25140590|3.3333333333307689,smoke_exposed
C-7161-01-LM6-001,B09,BRD-K25140590,1.1111111111153846,1.1111111111153846,BRD-K25140590|1.1111111111153846,smoke_exposed
C-7161-01-LM6-001,B10,BRD-K25140590,0.3703703703692307,0.3703703703692307,BRD-K25140590|0.37037037036923071,smoke_exposed
C-7161-01-LM6-001,B11,BRD-K25140590,0.1234567901230769,0.1234567901230769,BRD-K25140590|0.12345679012307691,smoke_exposed
C-7161-01-LM6-001,B12,BRD-K25140590,0.041152263376923,0.041152263376923,BRD-K25140590|0.041152263376923001,smoke_exposed
C-7161-01-LM6-001,B13,BRD-A25234499,10.000000000000002,10.000000000000002,BRD-A25234499|10.000000000000002,smoke_exposed
C-7161-01-LM6-001,B14,BRD-A25234499,3.333333333330769,3.333333333330769,BRD-A25234499|3.3333333333307689,smoke_exposed
C-7161-01-LM6-001,B15,BRD-A25234499,1.1111111111153846,1.1111111111153846,BRD-A25234499|1.1111111111153846,smoke_exposed
C-7161-01-LM6-001,B16,BRD-A25234499,0.3703703703692307,0.3703703703692307,BRD-A25234499|0.37037037036923071,smoke_exposed
C-7161-01-LM6-001,B17,BRD-A25234499,0.1234567901230769,0.1234567901230769,BRD-A25234499|0.12345679012307691,smoke_exposed
C-7161-01-LM6-001,B18,BRD-A25234499,0.041152263376923,0.041152263376923,BRD-A25234499|0.041152263376923001,smoke_exposed
C-7161-01-LM6-001,B19,BRD-K25394294,10.000000000000002,10.000000000000002,BRD-K25394294|10.000000000000002,smoke_exposed
C-7161-01-LM6-001,B20,BRD-K25394294,3.333333333330769,3.333333333330769,BRD-K25394294|3.3333333333307689,smoke_exposed
C-7161-01-LM6-001,B21,BRD-K25394294,1.1111111111153846,1.1111111111153846,BRD-K25394294|1.1111111111153846,smoke_exposed
C-7161-01-LM6-001,B22,BRD-K25394294,0.3703703703692307,0.3703703703692307,BRD-K25394294|0.37037037036923071,smoke_exposed
C-7161-01-LM6-001,B23,BRD-K25394294,0.1234567901230769,0.1234567901230769,BRD-K25394294|0.12345679012307691,smoke_exposed
C-7161-01-LM6-001,B24,BRD-K25394294,0.041152263376923,0.041152263376923,BRD-K25394294|0.041152263376923001,smoke_exposed
C-7161-01-LM6-001,C01,BRD-K25650355,10.000000000000002,10.000000000000002,BRD-K25650355|10.000000000000002,development
C-7161-01-LM6-001,C02,BRD-K25650355,3.333333333330769,3.333333333330769,BRD-K25650355|3.3333333333307689,development
C-7161-01-LM6-001,C03,BRD-K25650355,1.1111111111153846,1.1111111111153846,BRD-K25650355|1.1111111111153846,development
C-7161-01-LM6-001,C04,BRD-K25650355,0.3703703703692307,0.3703703703692307,BRD-K25650355|0.37037037036923071,development
C-7161-01-LM6-001,C05,BRD-K25650355,0.1234567901230769,0.1234567901230769,BRD-K25650355|0.12345679012307691,development
C-7161-01-LM6-001,C06,BRD-K25650355,0.041152263376923,0.041152263376923,BRD-K25650355|0.041152263376923001,development
C-7161-01-LM6-001,C07,BRD-K25943794,10.000000000000002,10.000000000000002,BRD-K25943794|10.000000000000002,development
C-7161-01-LM6-001,C08,BRD-K25943794,3.333333333330769,3.333333333330769,BRD-K25943794|3.3333333333307689,development
C-7161-01-LM6-001,C09,BRD-K25943794,1.1111111111153846,1.1111111111153846,BRD-K25943794|1.1111111111153846,development
C-7161-01-LM6-001,C10,BRD-K25943794,0.3703703703692307,0.3703703703692307,BRD-K25943794|0.37037037036923071,development
C-7161-01-LM6-001,C11,BRD-K25943794,0.1234567901230769,0.1234567901230769,BRD-K25943794|0.12345679012307691,development
C-7161-01-LM6-001,C12,BRD-K25943794,0.041152263376923,0.041152263376923,BRD-K25943794|0.041152263376923001,development
C-7161-01-LM6-001,C13,BRD-A26032986,10.000000000000002,10.000000000000002,BRD-A26032986|10.000000000000002,development
C-7161-01-LM6-001,C14,BRD-A26032986,3.333333333330769,3.333333333330769,BRD-A26032986|3.3333333333307689,development
C-7161-01-LM6-001,C15,BRD-A26032986,1.1111111111153846,1.1111111111153846,BRD-A26032986|1.1111111111153846,development
C-7161-01-LM6-001,C16,BRD-A26032986,0.3703703703692307,0.3703703703692307,BRD-A26032986|0.37037037036923071,development
C-7161-01-LM6-001,C17,BRD-A26032986,0.1234567901230769,0.1234567901230769,BRD-A26032986|0.12345679012307691,development
C-7161-01-LM6-001,C18,BRD-A26032986,0.041152263376923,0.041152263376923,BRD-A26032986|0.041152263376923001,development
C-7161-01-LM6-001,C19,BRD-K50691590,19.999844661400687,19.999844661400687,BRD-K50691590|19.999844661400687,smoke_exposed
C-7161-01-LM6-001,D01,BRD-K25837718,10.000000000000002,10.000000000000002,BRD-K25837718|10.000000000000002,smoke_exposed
C-7161-01-LM6-001,D02,BRD-K25837718,3.333333333330769,3.333333333330769,BRD-K25837718|3.3333333333307689,smoke_exposed
C-7161-01-LM6-001,D03,BRD-K25837718,1.1111111111153846,1.1111111111153846,BRD-K25837718|1.1111111111153846,smoke_exposed
C-7161-01-LM6-001,D04,BRD-K25837718,0.3703703703692307,0.3703703703692307,BRD-K25837718|0.37037037036923071,smoke_exposed
C-7161-01-LM6-001,D05,BRD-K25837718,0.1234567901230769,0.1234567901230769,BRD-K25837718|0.12345679012307691,smoke_exposed
C-7161-01-LM6-001,D06,BRD-K25837718,0.041152263376923,0.041152263376923,BRD-K25837718|0.041152263376923001,smoke_exposed
C-7161-01-LM6-001,D07,BRD-K26011976,10.000000000000002,10.000000000000002,BRD-K26011976|10.000000000000002,smoke_exposed
C-7161-01-LM6-001,D08,BRD-K26011976,3.333333333330769,3.333333333330769,BRD-K26011976|3.3333333333307689,smoke_exposed
C-7161-01-LM6-001,D09,BRD-K26011976,1.1111111111153846,1.1111111111153846,BRD-K26011976|1.1111111111153846,smoke_exposed
C-7161-01-LM6-001,D10,BRD-K26011976,0.3703703703692307,0.3703703703692307,BRD-K26011976|0.37037037036923071,smoke_exposed
C-7161-01-LM6-001,D11,BRD-K26011976,0.1234567901230769,0.1234567901230769,BRD-K26011976|0.12345679012307691,smoke_exposed
C-7161-01-LM6-001,D12,BRD-K26011976,0.041152263376923,0.041152263376923,BRD-K26011976|0.041152263376923001,smoke_exposed
C-7161-01-LM6-001,D13,BRD-A26095496,10.000000000000002,10.000000000000002,BRD-A26095496|10.000000000000002,development
C-7161-01-LM6-001,D14,BRD-A26095496,3.333333333330769,3.333333333330769,BRD-A26095496|3.3333333333307689,development
C-7161-01-LM6-001,D15,BRD-A26095496,1.1111111111153846,1.1111111111153846,BRD-A26095496|1.1111111111153846,development
C-7161-01-LM6-001,D16,BRD-A26095496,0.3703703703692307,0.3703703703692307,BRD-A26095496|0.37037037036923071,development
C-7161-01-LM6-001,D17,BRD-A26095496,0.1234567901230769,0.1234567901230769,BRD-A26095496|0.12345679012307691,development
C-7161-01-LM6-001,D18,BRD-A26095496,0.041152263376923,0.041152263376923,BRD-A26095496|0.041152263376923001,development
C-7161-01-LM6-001,D19,BRD-A26334849,10.000000000000002,10.000000000000002,BRD-A26334849|10.000000000000002,development
C-7161-01-LM6-001,D20,BRD-A26334849,3.333333333330769,3.333333333330769,BRD-A26334849|3.3333333333307689,development
C-7161-01-LM6-001,D21,BRD-A26334849,1.1111111111153846,1.1111111111153846,BRD-A26334849|1.1111111111153846,development
C-7161-01-LM6-001,D22,BRD-A26334849,0.3703703703692307,0.3703703703692307,BRD-A26334849|0.37037037036923071,development
C-7161-01-LM6-001,D23,BRD-A26334849,0.1234567901230769,0.1234567901230769,BRD-A26334849|0.12345679012307691,development
C-7161-01-LM6-001,D24,BRD-A26334849,0.041152263376923,0.041152263376923,BRD-A26334849|0.041152263376923001,development
C-7161-01-LM6-001,E01,BRD-K26603252,10.000000000000002,10.000000000000002,BRD-K26603252|10.000000000000002,smoke_exposed
C-7161-01-LM6-001,E02,BRD-K26603252,3.333333333330769,3.333333333330769,BRD-K26603252|3.3333333333307689,smoke_exposed
C-7161-01-LM6-001,E03,BRD-K26603252,1.1111111111153846,1.1111111111153846,BRD-K26603252|1.1111111111153846,smoke_exposed
C-7161-01-LM6-001,E04,BRD-K26603252,0.3703703703692307,0.3703703703692307,BRD-K26603252|0.37037037036923071,smoke_exposed
C-7161-01-LM6-001,E05,BRD-K26603252,0.1234567901230769,0.1234567901230769,BRD-K26603252|0.12345679012307691,smoke_exposed
C-7161-01-LM6-001,E06,BRD-K26603252,0.041152263376923,0.041152263376923,BRD-K26603252|0.041152263376923001,smoke_exposed
C-7161-01-LM6-001,E07,BRD-K26657438,10.000000000000002,10.000000000000002,BRD-K26657438|10.000000000000002,development
C-7161-01-LM6-001,E08,BRD-K26657438,3.333333333330769,3.333333333330769,BRD-K26657438|3.3333333333307689,development
C-7161-01-LM6-001,E09,BRD-K26657438,1.1111111111153846,1.1111111111153846,BRD-K26657438|1.1111111111153846,development
C-7161-01-LM6-001,E10,BRD-K26657438,0.3703703703692307,0.3703703703692307,BRD-K26657438|0.37037037036923071,development
C-7161-01-LM6-001,E11,BRD-K26657438,0.1234567901230769,0.1234567901230769,BRD-K26657438|0.12345679012307691,development
C-7161-01-LM6-001,E12,BRD-K26657438,0.041152263376923,0.041152263376923,BRD-K26657438|0.041152263376923001,development
C-7161-01-LM6-001,E13,BRD-A26690767,10.000000000000002,10.000000000000002,BRD-A26690767|10.000000000000002,development
C-7161-01-LM6-001,E14,BRD-A26690767,3.333333333330769,3.333333333330769,BRD-A26690767|3.3333333333307689,development
C-7161-01-LM6-001,E15,BRD-A26690767,1.1111111111153846,1.1111111111153846,BRD-A26690767|1.1111111111153846,development
C-7161-01-LM6-001,E16,BRD-A26690767,0.3703703703692307,0.3703703703692307,BRD-A26690767|0.37037037036923071,development
C-7161-01-LM6-001,E17,BRD-A26690767,0.1234567901230769,0.1234567901230769,BRD-A26690767|0.12345679012307691,development
C-7161-01-LM6-001,E18,BRD-A26690767,0.041152263376923,0.041152263376923,BRD-A26690767|0.041152263376923001,development
C-7161-01-LM6-001,E19,BRD-A26711594,10.000000000000002,10.000000000000002,BRD-A26711594|10.000000000000002,development
C-7161-01-LM6-001,E20,BRD-A26711594,3.333333333330769,3.333333333330769,BRD-A26711594|3.3333333333307689,development
C-7161-01-LM6-001,E21,BRD-A26711594,1.1111111111153846,1.1111111111153846,BRD-A26711594|1.1111111111153846,development
C-7161-01-LM6-001,E22,BRD-A26711594,0.3703703703692307,0.3703703703692307,BRD-A26711594|0.37037037036923071,development
C-7161-01-LM6-001,E23,BRD-A26711594,0.1234567901230769,0.1234567901230769,BRD-A26711594|0.12345679012307691,development
C-7161-01-LM6-001,E24,BRD-A26711594,0.041152263376923,0.041152263376923,BRD-A26711594|0.041152263376923001,development
C-7161-01-LM6-001,F01,BRD-K26619122,10.000000000000002,10.000000000000002,BRD-K26619122|10.000000000000002,development
C-7161-01-LM6-001,F02,BRD-K26619122,3.333333333330769,3.333333333330769,BRD-K26619122|3.3333333333307689,development
C-7161-01-LM6-001,F03,BRD-K26619122,1.1111111111153846,1.1111111111153846,BRD-K26619122|1.1111111111153846,development
C-7161-01-LM6-001,F04,BRD-K26619122,0.3703703703692307,0.3703703703692307,BRD-K26619122|0.37037037036923071,development
C-7161-01-LM6-001,F05,BRD-K26619122,0.1234567901230769,0.1234567901230769,BRD-K26619122|0.12345679012307691,development
C-7161-01-LM6-001,F06,BRD-K26619122,0.041152263376923,0.041152263376923,BRD-K26619122|0.041152263376923001,development
C-7161-01-LM6-001,F13,BRD-K26701552,10.000000000000002,10.000000000000002,BRD-K26701552|10.000000000000002,smoke_exposed
C-7161-01-LM6-001,F14,BRD-K26701552,3.333333333330769,3.333333333330769,BRD-K26701552|3.3333333333307689,smoke_exposed
C-7161-01-LM6-001,F15,BRD-K26701552,1.1111111111153846,1.1111111111153846,BRD-K26701552|1.1111111111153846,smoke_exposed
C-7161-01-LM6-001,F16,BRD-K26701552,0.3703703703692307,0.3703703703692307,BRD-K26701552|0.37037037036923071,smoke_exposed
C-7161-01-LM6-001,F17,BRD-K26701552,0.1234567901230769,0.1234567901230769,BRD-K26701552|0.12345679012307691,smoke_exposed
C-7161-01-LM6-001,F18,BRD-K26701552,0.041152263376923,0.041152263376923,BRD-K26701552|0.041152263376923001,smoke_exposed
C-7161-01-LM6-001,F19,BRD-K26712974,10.000000000000002,10.000000000000002,BRD-K26712974|10.000000000000002,development
C-7161-01-LM6-001,F20,BRD-K26712974,3.333333333330769,3.333333333330769,BRD-K26712974|3.3333333333307689,development
C-7161-01-LM6-001,F21,BRD-K26712974,1.1111111111153846,1.1111111111153846,BRD-K26712974|1.1111111111153846,development
C-7161-01-LM6-001,F22,BRD-K26712974,0.3703703703692307,0.3703703703692307,BRD-K26712974|0.37037037036923071,development
C-7161-01-LM6-001,F23,BRD-K26712974,0.1234567901230769,0.1234567901230769,BRD-K26712974|0.12345679012307691,development
C-7161-01-LM6-001,F24,BRD-K26712974,0.041152263376923,0.041152263376923,BRD-K26712974|0.041152263376923001,development
C-7161-01-LM6-001,G01,BRD-A27376179,10.000000000000002,10.000000000000002,BRD-A27376179|10.000000000000002,development
C-7161-01-LM6-001,G02,BRD-A27376179,3.333333333333333,3.333333333333333,BRD-A27376179|3.333333333333333,development
C-7161-01-LM6-001,G03,BRD-A27376179,1.1111111111111112,1.1111111111111112,BRD-A27376179|1.1111111111111112,development
C-7161-01-LM6-001,G04,BRD-A27376179,0.3703703703703703,0.3703703703703702,BRD-A27376179|0.37037037037037029,development
C-7161-01-LM6-001,G05,BRD-A27376179,0.1234567901234567,0.1234567901234567,BRD-A27376179|0.1234567901234567,development
C-7161-01-LM6-001,G06,BRD-A27376179,0.0411522633744855,0.0411522633744855,BRD-A27376179|0.0411522633744855,development
C-7161-01-LM6-001,G07,BRD-K27938825,10.000000000000002,10.000000000000002,BRD-K27938825|10.000000000000002,development
C-7161-01-LM6-001,G08,BRD-K27938825,3.333333333330769,3.333333333330769,BRD-K27938825|3.3333333333307689,development
C-7161-01-LM6-001,G09,BRD-K27938825,1.1111111111153846,1.1111111111153846,BRD-K27938825|1.1111111111153846,development
C-7161-01-LM6-001,G10,BRD-K27938825,0.3703703703692307,0.3703703703692307,BRD-K27938825|0.37037037036923071,development
C-7161-01-LM6-001,G11,BRD-K27938825,0.1234567901230769,0.1234567901230769,BRD-K27938825|0.12345679012307691,development
C-7161-01-LM6-001,G12,BRD-K27938825,0.041152263376923,0.041152263376923,BRD-K27938825|0.041152263376923001,development
C-7161-01-LM6-001,G19,BRD-K28183345,10.000000000000002,10.000000000000002,BRD-K28183345|10.000000000000002,smoke_exposed
C-7161-01-LM6-001,G20,BRD-K28183345,3.333333333330769,3.333333333330769,BRD-K28183345|3.3333333333307689,smoke_exposed
C-7161-01-LM6-001,G21,BRD-K28183345,1.1111111111153846,1.1111111111153846,BRD-K28183345|1.1111111111153846,smoke_exposed
C-7161-01-LM6-001,G22,BRD-K28183345,0.3703703703692307,0.3703703703692307,BRD-K28183345|0.37037037036923071,smoke_exposed
C-7161-01-LM6-001,G23,BRD-K28183345,0.1234567901230769,0.1234567901230769,BRD-K28183345|0.12345679012307691,smoke_exposed
C-7161-01-LM6-001,G24,BRD-K28183345,0.041152263376923,0.041152263376923,BRD-K28183345|0.041152263376923001,smoke_exposed
C-7161-01-LM6-001,H01,BRD-A27732521,10.000000000000002,10.000000000000002,BRD-A27732521|10.000000000000002,development
C-7161-01-LM6-001,H02,BRD-A27732521,3.333333333330769,3.333333333330769,BRD-A27732521|3.3333333333307689,development
C-7161-01-LM6-001,H03,BRD-A27732521,1.1111111111153846,1.1111111111153846,BRD-A27732521|1.1111111111153846,development
C-7161-01-LM6-001,H04,BRD-A27732521,0.3703703703692307,0.3703703703692307,BRD-A27732521|0.37037037036923071,development
C-7161-01-LM6-001,H05,BRD-A27732521,0.1234567901230769,0.1234567901230769,BRD-A27732521|0.12345679012307691,development
C-7161-01-LM6-001,H06,BRD-A27732521,0.041152263376923,0.041152263376923,BRD-A27732521|0.041152263376923001,development
C-7161-01-LM6-001,H07,BRD-K27955832,10.000000000000002,10.000000000000002,BRD-K27955832|10.000000000000002,development
C-7161-01-LM6-001,H08,BRD-K27955832,3.333333333330769,3.333333333330769,BRD-K27955832|3.3333333333307689,development
C-7161-01-LM6-001,H09,BRD-K27955832,1.1111111111153846,1.1111111111153846,BRD-K27955832|1.1111111111153846,development
C-7161-01-LM6-001,H10,BRD-K27955832,0.3703703703692307,0.3703703703692307,BRD-K27955832|0.37037037036923071,development
C-7161-01-LM6-001,H11,BRD-K27955832,0.1234567901230769,0.1234567901230769,BRD-K27955832|0.12345679012307691,development
C-7161-01-LM6-001,H12,BRD-K27955832,0.041152263376923,0.041152263376923,BRD-K27955832|0.041152263376923001,development
C-7161-01-LM6-001,H13,BRD-K28143534,10.000000000000002,10.000000000000002,BRD-K28143534|10.000000000000002,development
C-7161-01-LM6-001,H14,BRD-K28143534,3.333333333330769,3.333333333330769,BRD-K28143534|3.3333333333307689,development
C-7161-01-LM6-001,H15,BRD-K28143534,1.1111111111153846,1.1111111111153846,BRD-K28143534|1.1111111111153846,development
C-7161-01-LM6-001,H16,BRD-K28143534,0.3703703703692307,0.3703703703692307,BRD-K28143534|0.37037037036923071,development
C-7161-01-LM6-001,H17,BRD-K28143534,0.1234567901230769,0.1234567901230769,BRD-K28143534|0.12345679012307691,development
C-7161-01-LM6-001,H18,BRD-K28143534,0.041152263376923,0.041152263376923,BRD-K28143534|0.041152263376923001,development
C-7161-01-LM6-001,H19,BRD-K28217197,10.000000000000002,10.000000000000002,BRD-K28217197|10.000000000000002,development
C-7161-01-LM6-001,H20,BRD-K28217197,3.333333333330769,3.333333333330769,BRD-K28217197|3.3333333333307689,development
C-7161-01-LM6-001,H21,BRD-K28217197,1.1111111111153846,1.1111111111153846,BRD-K28217197|1.1111111111153846,development
C-7161-01-LM6-001,H22,BRD-K28217197,0.3703703703692307,0.3703703703692307,BRD-K28217197|0.37037037036923071,development
C-7161-01-LM6-001,H23,BRD-K28217197,0.1234567901230769,0.1234567901230769,BRD-K28217197|0.12345679012307691,development
C-7161-01-LM6-001,H24,BRD-K28217197,0.041152263376923,0.041152263376923,BRD-K28217197|0.041152263376923001,development
C-7161-01-LM6-001,I01,BRD-A28467416,10.000000000000002,10.000000000000002,BRD-A28467416|10.000000000000002,smoke_exposed
C-7161-01-LM6-001,I02,BRD-A28467416,3.333333333333333,3.333333333333333,BRD-A28467416|3.333333333333333,smoke_exposed
C-7161-01-LM6-001,I03,BRD-A28467416,1.1111111111111112,1.1111111111111112,BRD-A28467416|1.1111111111111112,smoke_exposed
C-7161-01-LM6-001,I04,BRD-A28467416,0.3703703703703703,0.3703703703703702,BRD-A28467416|0.37037037037037029,smoke_exposed
C-7161-01-LM6-001,I05,BRD-A28467416,0.1234567901234567,0.1234567901234567,BRD-A28467416|0.1234567901234567,smoke_exposed
C-7161-01-LM6-001,I06,BRD-A28467416,0.0411522633744855,0.0411522633744855,BRD-A28467416|0.0411522633744855,smoke_exposed
C-7161-01-LM6-001,I07,BRD-A28545468,10.000000000000002,10.000000000000002,BRD-A28545468|10.000000000000002,development
C-7161-01-LM6-001,I08,BRD-A28545468,3.333333333330769,3.333333333330769,BRD-A28545468|3.3333333333307689,development
C-7161-01-LM6-001,I09,BRD-A28545468,1.1111111111153846,1.1111111111153846,BRD-A28545468|1.1111111111153846,development
C-7161-01-LM6-001,I10,BRD-A28545468,0.3703703703692307,0.3703703703692307,BRD-A28545468|0.37037037036923071,development
C-7161-01-LM6-001,I11,BRD-A28545468,0.1234567901230769,0.1234567901230769,BRD-A28545468|0.12345679012307691,development
C-7161-01-LM6-001,I12,BRD-A28545468,0.041152263376923,0.041152263376923,BRD-A28545468|0.041152263376923001,development
C-7161-01-LM6-001,I13,BRD-K28731095,10.000000000000002,10.000000000000002,BRD-K28731095|10.000000000000002,development
C-7161-01-LM6-001,I14,BRD-K28731095,3.333333333330769,3.333333333330769,BRD-K28731095|3.3333333333307689,development
C-7161-01-LM6-001,I15,BRD-K28731095,1.1111111111153846,1.1111111111153846,BRD-K28731095|1.1111111111153846,development
C-7161-01-LM6-001,I16,BRD-K28731095,0.3703703703692307,0.3703703703692307,BRD-K28731095|0.37037037036923071,development
C-7161-01-LM6-001,I17,BRD-K28731095,0.1234567901230769,0.1234567901230769,BRD-K28731095|0.12345679012307691,development
C-7161-01-LM6-001,I18,BRD-K28731095,0.041152263376923,0.041152263376923,BRD-K28731095|0.041152263376923001,development
C-7161-01-LM6-001,I19,BRD-K28761891,10.000000000000002,10.000000000000002,BRD-K28761891|10.000000000000002,development
C-7161-01-LM6-001,I20,BRD-K28761891,3.333333333330769,3.333333333330769,BRD-K28761891|3.3333333333307689,development
C-7161-01-LM6-001,I21,BRD-K28761891,1.1111111111153846,1.1111111111153846,BRD-K28761891|1.1111111111153846,development
C-7161-01-LM6-001,I22,BRD-K28761891,0.3703703703692307,0.3703703703692307,BRD-K28761891|0.37037037036923071,development
C-7161-01-LM6-001,I23,BRD-K28761891,0.1234567901230769,0.1234567901230769,BRD-K28761891|0.12345679012307691,development
C-7161-01-LM6-001,I24,BRD-K28761891,0.041152263376923,0.041152263376923,BRD-K28761891|0.041152263376923001,development
C-7161-01-LM6-001,J01,BRD-K28542495,10.000000000000002,10.000000000000002,BRD-K28542495|10.000000000000002,development
C-7161-01-LM6-001,J02,BRD-K28542495,3.333333333330769,3.333333333330769,BRD-K28542495|3.3333333333307689,development
C-7161-01-LM6-001,J03,BRD-K28542495,1.1111111111153846,1.1111111111153846,BRD-K28542495|1.1111111111153846,development
C-7161-01-LM6-001,J04,BRD-K28542495,0.3703703703692307,0.3703703703692307,BRD-K28542495|0.37037037036923071,development
C-7161-01-LM6-001,J05,BRD-K28542495,0.1234567901230769,0.1234567901230769,BRD-K28542495|0.12345679012307691,development
C-7161-01-LM6-001,J06,BRD-K28542495,0.041152263376923,0.041152263376923,BRD-K28542495|0.041152263376923001,development
C-7161-01-LM6-001,J07,BRD-K28667793,10.000000000000002,10.000000000000002,BRD-K28667793|10.000000000000002,development
C-7161-01-LM6-001,J08,BRD-K28667793,3.333333333330769,3.333333333330769,BRD-K28667793|3.3333333333307689,development
C-7161-01-LM6-001,J09,BRD-K28667793,1.1111111111153846,1.1111111111153846,BRD-K28667793|1.1111111111153846,development
C-7161-01-LM6-001,J10,BRD-K28667793,0.3703703703692307,0.3703703703692307,BRD-K28667793|0.37037037036923071,development
C-7161-01-LM6-001,J11,BRD-K28667793,0.1234567901230769,0.1234567901230769,BRD-K28667793|0.12345679012307691,development
C-7161-01-LM6-001,J12,BRD-K28667793,0.041152263376923,0.041152263376923,BRD-K28667793|0.041152263376923001,development
C-7161-01-LM6-001,J19,BRD-A28787076,10.000000000000002,10.000000000000002,BRD-A28787076|10.000000000000002,development
C-7161-01-LM6-001,J20,BRD-A28787076,3.333333333330769,3.333333333330769,BRD-A28787076|3.3333333333307689,development
C-7161-01-LM6-001,J21,BRD-A28787076,1.1111111111153846,1.1111111111153846,BRD-A28787076|1.1111111111153846,development
C-7161-01-LM6-001,J22,BRD-A28787076,0.3703703703692307,0.3703703703692307,BRD-A28787076|0.37037037036923071,development
C-7161-01-LM6-001,J23,BRD-A28787076,0.1234567901230769,0.1234567901230769,BRD-A28787076|0.12345679012307691,development
C-7161-01-LM6-001,J24,BRD-A28787076,0.041152263376923,0.041152263376923,BRD-A28787076|0.041152263376923001,development
C-7161-01-LM6-001,K01,BRD-K28971625,10.000000000000002,10.000000000000002,BRD-K28971625|10.000000000000002,development
C-7161-01-LM6-001,K02,BRD-K28971625,3.333333333330769,3.333333333330769,BRD-K28971625|3.3333333333307689,development
C-7161-01-LM6-001,K03,BRD-K28971625,1.1111111111153846,1.1111111111153846,BRD-K28971625|1.1111111111153846,development
C-7161-01-LM6-001,K04,BRD-K28971625,0.3703703703692307,0.3703703703692307,BRD-K28971625|0.37037037036923071,development
C-7161-01-LM6-001,K05,BRD-K28971625,0.1234567901230769,0.1234567901230769,BRD-K28971625|0.12345679012307691,development
C-7161-01-LM6-001,K06,BRD-K28971625,0.041152263376923,0.041152263376923,BRD-K28971625|0.041152263376923001,development
C-7161-01-LM6-001,K07,BRD-K60230970,19.99912535364308,19.99912535364308,BRD-K60230970|19.999125353643073,development
C-7161-01-LM6-001,K13,BRD-A29289453,10.000000000000002,10.000000000000002,BRD-A29289453|10.000000000000002,smoke_exposed
C-7161-01-LM6-001,K14,BRD-A29289453,3.333333333330769,3.333333333330769,BRD-A29289453|3.3333333333307689,smoke_exposed
C-7161-01-LM6-001,K15,BRD-A29289453,1.1111111111153846,1.1111111111153846,BRD-A29289453|1.1111111111153846,smoke_exposed
C-7161-01-LM6-001,K16,BRD-A29289453,0.3703703703692307,0.3703703703692307,BRD-A29289453|0.37037037036923071,smoke_exposed
C-7161-01-LM6-001,K17,BRD-A29289453,0.1234567901230769,0.1234567901230769,BRD-A29289453|0.12345679012307691,smoke_exposed
C-7161-01-LM6-001,K18,BRD-A29289453,0.041152263376923,0.041152263376923,BRD-A29289453|0.041152263376923001,smoke_exposed
C-7161-01-LM6-001,K19,BRD-K29322660,10.000000000000002,10.000000000000002,BRD-K29322660|10.000000000000002,development
C-7161-01-LM6-001,K20,BRD-K29322660,3.333333333330769,3.333333333330769,BRD-K29322660|3.3333333333307689,development
C-7161-01-LM6-001,K21,BRD-K29322660,1.1111111111153846,1.1111111111153846,BRD-K29322660|1.1111111111153846,development
C-7161-01-LM6-001,K22,BRD-K29322660,0.3703703703692307,0.3703703703692307,BRD-K29322660|0.37037037036923071,development
C-7161-01-LM6-001,K23,BRD-K29322660,0.1234567901230769,0.1234567901230769,BRD-K29322660|0.12345679012307691,development
C-7161-01-LM6-001,K24,BRD-K29322660,0.041152263376923,0.041152263376923,BRD-K29322660|0.041152263376923001,development
C-7161-01-LM6-001,L01,BRD-K28984613,10.000000000000002,10.000000000000002,BRD-K28984613|10.000000000000002,development
C-7161-01-LM6-001,L02,BRD-K28984613,3.333333333330769,3.333333333330769,BRD-K28984613|3.3333333333307689,development
C-7161-01-LM6-001,L03,BRD-K28984613,1.1111111111153846,1.1111111111153846,BRD-K28984613|1.1111111111153846,development
C-7161-01-LM6-001,L04,BRD-K28984613,0.3703703703692307,0.3703703703692307,BRD-K28984613|0.37037037036923071,development
C-7161-01-LM6-001,L05,BRD-K28984613,0.1234567901230769,0.1234567901230769,BRD-K28984613|0.12345679012307691,development
C-7161-01-LM6-001,L06,BRD-K28984613,0.041152263376923,0.041152263376923,BRD-K28984613|0.041152263376923001,development
C-7161-01-LM6-001,L07,BRD-A29260609,10.000000000000002,10.000000000000002,BRD-A29260609|10.000000000000002,development
C-7161-01-LM6-001,L08,BRD-A29260609,3.333333333330769,3.333333333330769,BRD-A29260609|3.3333333333307689,development
C-7161-01-LM6-001,L09,BRD-A29260609,1.1111111111153846,1.1111111111153846,BRD-A29260609|1.1111111111153846,development
C-7161-01-LM6-001,L10,BRD-A29260609,0.3703703703692307,0.3703703703692307,BRD-A29260609|0.37037037036923071,development
C-7161-01-LM6-001,L11,BRD-A29260609,0.1234567901230769,0.1234567901230769,BRD-A29260609|0.12345679012307691,development
C-7161-01-LM6-001,L12,BRD-A29260609,0.041152263376923,0.041152263376923,BRD-A29260609|0.041152263376923001,development
C-7161-01-LM6-001,L13,BRD-A29322418,10.000000000000002,10.000000000000002,BRD-A29322418|10.000000000000002,development
C-7161-01-LM6-001,L14,BRD-A29322418,3.333333333330769,3.333333333330769,BRD-A29322418|3.3333333333307689,development
C-7161-01-LM6-001,L15,BRD-A29322418,1.1111111111153846,1.1111111111153846,BRD-A29322418|1.1111111111153846,development
C-7161-01-LM6-001,L16,BRD-A29322418,0.3703703703692307,0.3703703703692307,BRD-A29322418|0.37037037036923071,development
C-7161-01-LM6-001,L17,BRD-A29322418,0.1234567901230769,0.1234567901230769,BRD-A29322418|0.12345679012307691,development
C-7161-01-LM6-001,L18,BRD-A29322418,0.041152263376923,0.041152263376923,BRD-A29322418|0.041152263376923001,development
C-7161-01-LM6-001,L19,BRD-K29359156,10.000000000000002,10.000000000000002,BRD-K29359156|10.000000000000002,development
C-7161-01-LM6-001,L20,BRD-K29359156,3.333333333330769,3.333333333330769,BRD-K29359156|3.3333333333307689,development
C-7161-01-LM6-001,L21,BRD-K29359156,1.1111111111153846,1.1111111111153846,BRD-K29359156|1.1111111111153846,development
C-7161-01-LM6-001,L22,BRD-K29359156,0.3703703703692307,0.3703703703692307,BRD-K29359156|0.37037037036923071,development
C-7161-01-LM6-001,L23,BRD-K29359156,0.1234567901230769,0.1234567901230769,BRD-K29359156|0.12345679012307691,development
C-7161-01-LM6-001,L24,BRD-K29359156,0.041152263376923,0.041152263376923,BRD-K29359156|0.041152263376923001,development
C-7161-01-LM6-001,M01,BRD-K29582115,10.000000000000002,10.000000000000002,BRD-K29582115|10.000000000000002,development
C-7161-01-LM6-001,M02,BRD-K29582115,3.333333333330769,3.333333333330769,BRD-K29582115|3.3333333333307689,development
C-7161-01-LM6-001,M03,BRD-K29582115,1.1111111111153846,1.1111111111153846,BRD-K29582115|1.1111111111153846,development
C-7161-01-LM6-001,M04,BRD-K29582115,0.3703703703692307,0.3703703703692307,BRD-K29582115|0.37037037036923071,development
C-7161-01-LM6-001,M05,BRD-K29582115,0.1234567901230769,0.1234567901230769,BRD-K29582115|0.12345679012307691,development
C-7161-01-LM6-001,M06,BRD-K29582115,0.041152263376923,0.041152263376923,BRD-K29582115|0.041152263376923001,development
C-7161-01-LM6-001,M07,BRD-K29653726,10.000000000000002,10.000000000000002,BRD-K29653726|10.000000000000002,smoke_exposed
C-7161-01-LM6-001,M08,BRD-K29653726,3.333333333330769,3.333333333330769,BRD-K29653726|3.3333333333307689,smoke_exposed
C-7161-01-LM6-001,M09,BRD-K29653726,1.1111111111153846,1.1111111111153846,BRD-K29653726|1.1111111111153846,smoke_exposed
C-7161-01-LM6-001,M10,BRD-K29653726,0.3703703703692307,0.3703703703692307,BRD-K29653726|0.37037037036923071,smoke_exposed
C-7161-01-LM6-001,M11,BRD-K29653726,0.1234567901230769,0.1234567901230769,BRD-K29653726|0.12345679012307691,smoke_exposed
C-7161-01-LM6-001,M12,BRD-K29653726,0.041152263376923,0.041152263376923,BRD-K29653726|0.041152263376923001,smoke_exposed
C-7161-01-LM6-001,M13,BRD-K29673530,10.000000000000002,10.000000000000002,BRD-K29673530|10.000000000000002,development
C-7161-01-LM6-001,M14,BRD-K29673530,3.333333333330769,3.333333333330769,BRD-K29673530|3.3333333333307689,development
C-7161-01-LM6-001,M15,BRD-K29673530,1.1111111111153846,1.1111111111153846,BRD-K29673530|1.1111111111153846,development
C-7161-01-LM6-001,M16,BRD-K29673530,0.3703703703692307,0.3703703703692307,BRD-K29673530|0.37037037036923071,development
C-7161-01-LM6-001,M17,BRD-K29673530,0.1234567901230769,0.1234567901230769,BRD-K29673530|0.12345679012307691,development
C-7161-01-LM6-001,M18,BRD-K29673530,0.041152263376923,0.041152263376923,BRD-K29673530|0.041152263376923001,development
C-7161-01-LM6-001,M19,BRD-A29734509,10.000000000000002,10.000000000000002,BRD-A29734509|10.000000000000002,smoke_exposed
C-7161-01-LM6-001,M20,BRD-A29734509,3.333333333330769,3.333333333330769,BRD-A29734509|3.3333333333307689,smoke_exposed
C-7161-01-LM6-001,M21,BRD-A29734509,1.1111111111153846,1.1111111111153846,BRD-A29734509|1.1111111111153846,smoke_exposed
C-7161-01-LM6-001,M22,BRD-A29734509,0.3703703703692307,0.3703703703692307,BRD-A29734509|0.37037037036923071,smoke_exposed
C-7161-01-LM6-001,M23,BRD-A29734509,0.1234567901230769,0.1234567901230769,BRD-A29734509|0.12345679012307691,smoke_exposed
C-7161-01-LM6-001,M24,BRD-A29734509,0.041152263376923,0.041152263376923,BRD-A29734509|0.041152263376923001,smoke_exposed
C-7161-01-LM6-001,N01,BRD-A29623586,10.000000000000002,10.000000000000002,BRD-A29623586|10.000000000000002,development
C-7161-01-LM6-001,N02,BRD-A29623586,3.333333333330769,3.333333333330769,BRD-A29623586|3.3333333333307689,development
C-7161-01-LM6-001,N03,BRD-A29623586,1.1111111111153846,1.1111111111153846,BRD-A29623586|1.1111111111153846,development
C-7161-01-LM6-001,N04,BRD-A29623586,0.3703703703692307,0.3703703703692307,BRD-A29623586|0.37037037036923071,development
C-7161-01-LM6-001,N05,BRD-A29623586,0.1234567901230769,0.1234567901230769,BRD-A29623586|0.12345679012307691,development
C-7161-01-LM6-001,N06,BRD-A29623586,0.041152263376923,0.041152263376923,BRD-A29623586|0.041152263376923001,development
C-7161-01-LM6-001,N07,BRD-K29656036,10.000000000000002,10.000000000000002,BRD-K29656036|10.000000000000002,smoke_exposed
C-7161-01-LM6-001,N08,BRD-K29656036,3.333333333330769,3.333333333330769,BRD-K29656036|3.3333333333307689,smoke_exposed
C-7161-01-LM6-001,N09,BRD-K29656036,1.1111111111153846,1.1111111111153846,BRD-K29656036|1.1111111111153846,smoke_exposed
C-7161-01-LM6-001,N10,BRD-K29656036,0.3703703703692307,0.3703703703692307,BRD-K29656036|0.37037037036923071,smoke_exposed
C-7161-01-LM6-001,N11,BRD-K29656036,0.1234567901230769,0.1234567901230769,BRD-K29656036|0.12345679012307691,smoke_exposed
C-7161-01-LM6-001,N12,BRD-K29656036,0.041152263376923,0.041152263376923,BRD-K29656036|0.041152263376923001,smoke_exposed
C-7161-01-LM6-001,N13,BRD-A29731977,10.000000000000002,10.000000000000002,BRD-A29731977|10.000000000000002,smoke_exposed
C-7161-01-LM6-001,N14,BRD-A29731977,3.333333333330769,3.333333333330769,BRD-A29731977|3.3333333333307689,smoke_exposed
C-7161-01-LM6-001,N15,BRD-A29731977,1.1111111111153846,1.1111111111153846,BRD-A29731977|1.1111111111153846,smoke_exposed
C-7161-01-LM6-001,N16,BRD-A29731977,0.3703703703692307,0.3703703703692307,BRD-A29731977|0.37037037036923071,smoke_exposed
C-7161-01-LM6-001,N17,BRD-A29731977,0.1234567901230769,0.1234567901230769,BRD-A29731977|0.12345679012307691,smoke_exposed
C-7161-01-LM6-001,N18,BRD-A29731977,0.041152263376923,0.041152263376923,BRD-A29731977|0.041152263376923001,smoke_exposed
C-7161-01-LM6-001,N19,BRD-K29735307,10.000000000000002,10.000000000000002,BRD-K29735307|10.000000000000002,development
C-7161-01-LM6-001,N20,BRD-K29735307,3.333333333330769,3.333333333330769,BRD-K29735307|3.3333333333307689,development
C-7161-01-LM6-001,N21,BRD-K29735307,1.1111111111153846,1.1111111111153846,BRD-K29735307|1.1111111111153846,development
C-7161-01-LM6-001,N22,BRD-K29735307,0.3703703703692307,0.3703703703692307,BRD-K29735307|0.37037037036923071,development
C-7161-01-LM6-001,N23,BRD-K29735307,0.1234567901230769,0.1234567901230769,BRD-K29735307|0.12345679012307691,development
C-7161-01-LM6-001,N24,BRD-K29735307,0.041152263376923,0.041152263376923,BRD-K29735307|0.041152263376923001,development
C-7161-01-LM6-001,O07,BRD-K30126819,10.000000000000002,10.000000000000002,BRD-K30126819|10.000000000000002,smoke_exposed
C-7161-01-LM6-001,O08,BRD-K30126819,3.333333333330769,3.333333333330769,BRD-K30126819|3.3333333333307689,smoke_exposed
C-7161-01-LM6-001,O09,BRD-K30126819,1.1111111111153846,1.1111111111153846,BRD-K30126819|1.1111111111153846,smoke_exposed
C-7161-01-LM6-001,O10,BRD-K30126819,0.3703703703692307,0.3703703703692307,BRD-K30126819|0.37037037036923071,smoke_exposed
C-7161-01-LM6-001,O11,BRD-K30126819,0.1234567901230769,0.1234567901230769,BRD-K30126819|0.12345679012307691,smoke_exposed
C-7161-01-LM6-001,O12,BRD-K30126819,0.041152263376923,0.041152263376923,BRD-K30126819|0.041152263376923001,smoke_exposed
C-7161-01-LM6-001,O13,BRD-K30421593,10.000000000000002,10.000000000000002,BRD-K30421593|10.000000000000002,development
C-7161-01-LM6-001,O14,BRD-K30421593,3.333333333330769,3.333333333330769,BRD-K30421593|3.3333333333307689,development
C-7161-01-LM6-001,O15,BRD-K30421593,1.1111111111153846,1.1111111111153846,BRD-K30421593|1.1111111111153846,development
C-7161-01-LM6-001,O16,BRD-K30421593,0.3703703703692307,0.3703703703692307,BRD-K30421593|0.37037037036923071,development
C-7161-01-LM6-001,O17,BRD-K30421593,0.1234567901230769,0.1234567901230769,BRD-K30421593|0.12345679012307691,development
C-7161-01-LM6-001,O18,BRD-K30421593,0.041152263376923,0.041152263376923,BRD-K30421593|0.041152263376923001,development
C-7161-01-LM6-001,O19,BRD-K30480208,10.000000000000002,10.000000000000002,BRD-K30480208|10.000000000000002,development
C-7161-01-LM6-001,O20,BRD-K30480208,3.333333333330769,3.333333333330769,BRD-K30480208|3.3333333333307689,development
C-7161-01-LM6-001,O21,BRD-K30480208,1.1111111111153846,1.1111111111153846,BRD-K30480208|1.1111111111153846,development
C-7161-01-LM6-001,O22,BRD-K30480208,0.3703703703692307,0.3703703703692307,BRD-K30480208|0.37037037036923071,development
C-7161-01-LM6-001,O23,BRD-K30480208,0.1234567901230769,0.1234567901230769,BRD-K30480208|0.12345679012307691,development
C-7161-01-LM6-001,O24,BRD-K30480208,0.041152263376923,0.041152263376923,BRD-K30480208|0.041152263376923001,development
C-7161-01-LM6-001,P01,BRD-A30051119,10.000000000000002,10.000000000000002,BRD-A30051119|10.000000000000002,smoke_exposed
C-7161-01-LM6-001,P02,BRD-A30051119,3.333333333330769,3.333333333330769,BRD-A30051119|3.3333333333307689,smoke_exposed
C-7161-01-LM6-001,P03,BRD-A30051119,1.1111111111153846,1.1111111111153846,BRD-A30051119|1.1111111111153846,smoke_exposed
C-7161-01-LM6-001,P04,BRD-A30051119,0.3703703703692307,0.3703703703692307,BRD-A30051119|0.37037037036923071,smoke_exposed
C-7161-01-LM6-001,P05,BRD-A30051119,0.1234567901230769,0.1234567901230769,BRD-A30051119|0.12345679012307691,smoke_exposed
C-7161-01-LM6-001,P06,BRD-A30051119,0.041152263376923,0.041152263376923,BRD-A30051119|0.041152263376923001,smoke_exposed
C-7161-01-LM6-001,P07,BRD-K30331124,10.000000000000002,10.000000000000002,BRD-K30331124|10.000000000000002,development
C-7161-01-LM6-001,P08,BRD-K30331124,3.333333333330769,3.333333333330769,BRD-K30331124|3.3333333333307689,development
C-7161-01-LM6-001,P09,BRD-K30331124,1.1111111111153846,1.1111111111153846,BRD-K30331124|1.1111111111153846,development
C-7161-01-LM6-001,P10,BRD-K30331124,0.3703703703692307,0.3703703703692307,BRD-K30331124|0.37037037036923071,development
C-7161-01-LM6-001,P11,BRD-K30331124,0.1234567901230769,0.1234567901230769,BRD-K30331124|0.12345679012307691,development
C-7161-01-LM6-001,P12,BRD-K30331124,0.041152263376923,0.041152263376923,BRD-K30331124|0.041152263376923001,development
C-7161-01-LM6-001,P13,BRD-K30466858,10.000000000000002,10.000000000000002,BRD-K30466858|10.000000000000002,development
C-7161-01-LM6-001,P14,BRD-K30466858,3.333333333330769,3.333333333330769,BRD-K30466858|3.3333333333307689,development
C-7161-01-LM6-001,P15,BRD-K30466858,1.1111111111153846,1.1111111111153846,BRD-K30466858|1.1111111111153846,development
C-7161-01-LM6-001,P16,BRD-K30466858,0.3703703703692307,0.3703703703692307,BRD-K30466858|0.37037037036923071,development
C-7161-01-LM6-001,P17,BRD-K30466858,0.1234567901230769,0.1234567901230769,BRD-K30466858|0.12345679012307691,development
C-7161-01-LM6-001,P18,BRD-K30466858,0.041152263376923,0.041152263376923,BRD-K30466858|0.041152263376923001,development
C-7161-01-LM6-001,P19,BRD-K03842655,2.0,2.0,BRD-K03842655|2,smoke_exposed
C-7161-01-LM6-001,P20,BRD-K03842655,0.6666666666666666,0.6666666666666666,BRD-K03842655|0.66666666666666663,smoke_exposed
C-7161-01-LM6-001,P21,BRD-K03842655,0.2222222222222222,0.2222222222222222,BRD-K03842655|0.22222222222222221,smoke_exposed
C-7161-01-LM6-001,P22,BRD-K03842655,0.074074074074074,0.074074074074074,BRD-K03842655|0.074074074074074001,smoke_exposed
C-7161-01-LM6-001,P23,BRD-K03842655,0.0246913580246913,0.0246913580246913,BRD-K03842655|0.024691358024691301,smoke_exposed
C-7161-01-LM6-001,P24,BRD-K03842655,0.0082304526748971,0.008230452674897,BRD-K03842655|0.0082304526748970992,smoke_exposed
C-7161-01-LM6-004,A07,BRD-A18611368,10.000000000000002,10.000000000000002,BRD-A18611368|10.000000000000002,development_extension
C-7161-01-LM6-004,A08,BRD-A18611368,3.333333333330769,3.333333333330769,BRD-A18611368|3.3333333333307689,development_extension
C-7161-01-LM6-004,A09,BRD-A18611368,1.1111111111153846,1.1111111111153846,BRD-A18611368|1.1111111111153846,development_extension
C-7161-01-LM6-004,A10,BRD-A18611368,0.3703703703692307,0.3703703703692307,BRD-A18611368|0.37037037036923071,development_extension
C-7161-01-LM6-004,A11,BRD-A18611368,0.1234567901230769,0.1234567901230769,BRD-A18611368|0.12345679012307691,development_extension
C-7161-01-LM6-004,A12,BRD-A18611368,0.041152263376923,0.041152263376923,BRD-A18611368|0.041152263376923001,development_extension
C-7161-01-LM6-004,A13,BRD-K18779551,10.000000000000002,10.000000000000002,BRD-K18779551|10.000000000000002,development_extension
C-7161-01-LM6-004,A14,BRD-K18779551,3.333333333330769,3.333333333330769,BRD-K18779551|3.3333333333307689,development_extension
C-7161-01-LM6-004,A15,BRD-K18779551,1.1111111111153846,1.1111111111153846,BRD-K18779551|1.1111111111153846,development_extension
C-7161-01-LM6-004,A16,BRD-K18779551,0.3703703703692307,0.3703703703692307,BRD-K18779551|0.37037037036923071,development_extension
C-7161-01-LM6-004,A17,BRD-K18779551,0.1234567901230769,0.1234567901230769,BRD-K18779551|0.12345679012307691,development_extension
C-7161-01-LM6-004,A18,BRD-K18779551,0.041152263376923,0.041152263376923,BRD-K18779551|0.041152263376923001,development_extension
C-7161-01-LM6-004,B07,BRD-K53097745,10.000000000000002,10.000000000000002,BRD-K53097745|10.000000000000002,development_extension
C-7161-01-LM6-004,B08,BRD-K53097745,3.333333333330769,3.333333333330769,BRD-K53097745|3.3333333333307689,development_extension
C-7161-01-LM6-004,B09,BRD-K53097745,1.1111111111153846,1.1111111111153846,BRD-K53097745|1.1111111111153846,development_extension
C-7161-01-LM6-004,B10,BRD-K53097745,0.3703703703692307,0.3703703703692307,BRD-K53097745|0.37037037036923071,development_extension
C-7161-01-LM6-004,B11,BRD-K53097745,0.1234567901230769,0.1234567901230769,BRD-K53097745|0.12345679012307691,development_extension
C-7161-01-LM6-004,B12,BRD-K53097745,0.041152263376923,0.041152263376923,BRD-K53097745|0.041152263376923001,development_extension
C-7161-01-LM6-004,B13,BRD-K18850819,10.0,10.0,BRD-K18850819|10,development_extension
C-7161-01-LM6-004,B14,BRD-K18850819,3.333333333330769,3.333333333330769,BRD-K18850819|3.3333333333307689,development_extension
C-7161-01-LM6-004,B15,BRD-K18850819,1.1111111111153846,1.1111111111153846,BRD-K18850819|1.1111111111153846,development_extension
C-7161-01-LM6-004,B16,BRD-K18850819,0.3703703703692307,0.3703703703692307,BRD-K18850819|0.37037037036923071,development_extension
C-7161-01-LM6-004,B17,BRD-K18850819,0.1234567901230769,0.1234567901230769,BRD-K18850819|0.12345679012307691,development_extension
C-7161-01-LM6-004,B18,BRD-K18850819,0.041152263376923,0.041152263376923,BRD-K18850819|0.041152263376923001,development_extension
C-7161-01-LM6-004,C01,BRD-K19352500,10.000000000000002,10.000000000000002,BRD-K19352500|10.000000000000002,development_extension
C-7161-01-LM6-004,C02,BRD-K19352500,3.333333333330769,3.333333333330769,BRD-K19352500|3.3333333333307689,development_extension
C-7161-01-LM6-004,C03,BRD-K19352500,1.1111111111153846,1.1111111111153846,BRD-K19352500|1.1111111111153846,development_extension
C-7161-01-LM6-004,C04,BRD-K19352500,0.3703703703692307,0.3703703703692307,BRD-K19352500|0.37037037036923071,development_extension
C-7161-01-LM6-004,C05,BRD-K19352500,0.1234567901230769,0.1234567901230769,BRD-K19352500|0.12345679012307691,development_extension
C-7161-01-LM6-004,C06,BRD-K19352500,0.041152263376923,0.041152263376923,BRD-K19352500|0.041152263376923001,development_extension
C-7161-01-LM6-004,D01,BRD-K19388745,10.000000000000002,10.000000000000002,BRD-K19388745|10.000000000000002,development_extension
C-7161-01-LM6-004,D02,BRD-K19388745,3.333333333333333,3.333333333333333,BRD-K19388745|3.333333333333333,development_extension
C-7161-01-LM6-004,D03,BRD-K19388745,1.1111111111111112,1.1111111111111112,BRD-K19388745|1.1111111111111112,development_extension
C-7161-01-LM6-004,D04,BRD-K19388745,0.3703703703703703,0.3703703703703702,BRD-K19388745|0.37037037037037029,development_extension
C-7161-01-LM6-004,D05,BRD-K19388745,0.1234567901234567,0.1234567901234567,BRD-K19388745|0.1234567901234567,development_extension
C-7161-01-LM6-004,D06,BRD-K19388745,0.0411522633744855,0.0411522633744855,BRD-K19388745|0.0411522633744855,development_extension
C-7161-01-LM6-004,D07,BRD-K19687926,10.000000000000002,10.000000000000002,BRD-K19687926|10.000000000000002,development_extension
C-7161-01-LM6-004,D08,BRD-K19687926,3.333333333330769,3.333333333330769,BRD-K19687926|3.3333333333307689,development_extension
C-7161-01-LM6-004,D09,BRD-K19687926,1.1111111111153846,1.1111111111153846,BRD-K19687926|1.1111111111153846,development_extension
C-7161-01-LM6-004,D10,BRD-K19687926,0.3703703703692307,0.3703703703692307,BRD-K19687926|0.37037037036923071,development_extension
C-7161-01-LM6-004,D11,BRD-K19687926,0.1234567901230769,0.1234567901230769,BRD-K19687926|0.12345679012307691,development_extension
C-7161-01-LM6-004,D12,BRD-K19687926,0.041152263376923,0.041152263376923,BRD-K19687926|0.041152263376923001,development_extension
C-7161-01-LM6-004,D19,BRD-K20285085,10.000000000000002,10.000000000000002,BRD-K20285085|10.000000000000002,development_extension
C-7161-01-LM6-004,D20,BRD-K20285085,3.333333333330769,3.333333333330769,BRD-K20285085|3.3333333333307689,development_extension
C-7161-01-LM6-004,D21,BRD-K20285085,1.1111111111153846,1.1111111111153846,BRD-K20285085|1.1111111111153846,development_extension
C-7161-01-LM6-004,D22,BRD-K20285085,0.3703703703692307,0.3703703703692307,BRD-K20285085|0.37037037036923071,development_extension
C-7161-01-LM6-004,D23,BRD-K20285085,0.1234567901230769,0.1234567901230769,BRD-K20285085|0.12345679012307691,development_extension
C-7161-01-LM6-004,D24,BRD-K20285085,0.041152263376923,0.041152263376923,BRD-K20285085|0.041152263376923001,development_extension
C-7161-01-LM6-004,E01,BRD-A20119038,10.000000000000002,10.000000000000002,BRD-A20119038|10.000000000000002,smoke_extension
C-7161-01-LM6-004,E02,BRD-A20119038,3.333333333330769,3.333333333330769,BRD-A20119038|3.3333333333307689,smoke_extension
C-7161-01-LM6-004,E03,BRD-A20119038,1.1111111111153846,1.1111111111153846,BRD-A20119038|1.1111111111153846,smoke_extension
C-7161-01-LM6-004,E04,BRD-A20119038,0.3703703703692307,0.3703703703692307,BRD-A20119038|0.37037037036923071,smoke_extension
C-7161-01-LM6-004,E05,BRD-A20119038,0.1234567901230769,0.1234567901230769,BRD-A20119038|0.12345679012307691,smoke_extension
C-7161-01-LM6-004,E06,BRD-A20119038,0.041152263376923,0.041152263376923,BRD-A20119038|0.041152263376923001,smoke_extension
C-7161-01-LM6-004,E07,BRD-K20141153,10.000000000000002,10.000000000000002,BRD-K20141153|10.000000000000002,development_extension
C-7161-01-LM6-004,E08,BRD-K20141153,3.333333333330769,3.333333333330769,BRD-K20141153|3.3333333333307689,development_extension
C-7161-01-LM6-004,E09,BRD-K20141153,1.1111111111153846,1.1111111111153846,BRD-K20141153|1.1111111111153846,development_extension
C-7161-01-LM6-004,E10,BRD-K20141153,0.3703703703692307,0.3703703703692307,BRD-K20141153|0.37037037036923071,development_extension
C-7161-01-LM6-004,E11,BRD-K20141153,0.1234567901230769,0.1234567901230769,BRD-K20141153|0.12345679012307691,development_extension
C-7161-01-LM6-004,E12,BRD-K20141153,0.041152263376923,0.041152263376923,BRD-K20141153|0.041152263376923001,development_extension
C-7161-01-LM6-004,E13,BRD-K21361524,10.000000000000002,10.000000000000002,BRD-K21361524|10.000000000000002,smoke_extension
C-7161-01-LM6-004,E14,BRD-K21361524,3.333333333330769,3.333333333330769,BRD-K21361524|3.3333333333307689,smoke_extension
C-7161-01-LM6-004,E15,BRD-K21361524,1.1111111111153846,1.1111111111153846,BRD-K21361524|1.1111111111153846,smoke_extension
C-7161-01-LM6-004,E16,BRD-K21361524,0.3703703703692307,0.3703703703692307,BRD-K21361524|0.37037037036923071,smoke_extension
C-7161-01-LM6-004,E17,BRD-K21361524,0.1234567901230769,0.1234567901230769,BRD-K21361524|0.12345679012307691,smoke_extension
C-7161-01-LM6-004,E18,BRD-K21361524,0.041152263376923,0.041152263376923,BRD-K21361524|0.041152263376923001,smoke_extension
C-7161-01-LM6-004,E19,BRD-K21450440,10.000000000000002,10.000000000000002,BRD-K21450440|10.000000000000002,development_extension
C-7161-01-LM6-004,E20,BRD-K21450440,3.333333333330769,3.333333333330769,BRD-K21450440|3.3333333333307689,development_extension
C-7161-01-LM6-004,E21,BRD-K21450440,1.1111111111153846,1.1111111111153846,BRD-K21450440|1.1111111111153846,development_extension
C-7161-01-LM6-004,E22,BRD-K21450440,0.3703703703692307,0.3703703703692307,BRD-K21450440|0.37037037036923071,development_extension
C-7161-01-LM6-004,E23,BRD-K21450440,0.1234567901230769,0.1234567901230769,BRD-K21450440|0.12345679012307691,development_extension
C-7161-01-LM6-004,E24,BRD-K21450440,0.041152263376923,0.041152263376923,BRD-K21450440|0.041152263376923001,development_extension
C-7161-01-LM6-004,F01,BRD-A20126139,10.000000000000002,10.000000000000002,BRD-A20126139|10.000000000000002,development_extension
C-7161-01-LM6-004,F02,BRD-A20126139,3.333333333330769,3.333333333330769,BRD-A20126139|3.3333333333307689,development_extension
C-7161-01-LM6-004,F03,BRD-A20126139,1.1111111111153846,1.1111111111153846,BRD-A20126139|1.1111111111153846,development_extension
C-7161-01-LM6-004,F04,BRD-A20126139,0.3703703703692307,0.3703703703692307,BRD-A20126139|0.37037037036923071,development_extension
C-7161-01-LM6-004,F05,BRD-A20126139,0.1234567901230769,0.1234567901230769,BRD-A20126139|0.12345679012307691,development_extension
C-7161-01-LM6-004,F06,BRD-A20126139,0.041152263376923,0.041152263376923,BRD-A20126139|0.041152263376923001,development_extension
C-7161-01-LM6-004,F13,BRD-K21396683,10.000000000000002,10.000000000000002,BRD-K21396683|10.000000000000002,development_extension
C-7161-01-LM6-004,F14,BRD-K21396683,3.333333333330769,3.333333333330769,BRD-K21396683|3.3333333333307689,development_extension
C-7161-01-LM6-004,F15,BRD-K21396683,1.1111111111153846,1.1111111111153846,BRD-K21396683|1.1111111111153846,development_extension
C-7161-01-LM6-004,F16,BRD-K21396683,0.3703703703692307,0.3703703703692307,BRD-K21396683|0.37037037036923071,development_extension
C-7161-01-LM6-004,F17,BRD-K21396683,0.1234567901230769,0.1234567901230769,BRD-K21396683|0.12345679012307691,development_extension
C-7161-01-LM6-004,F18,BRD-K21396683,0.041152263376923,0.041152263376923,BRD-K21396683|0.041152263376923001,development_extension
C-7161-01-LM6-004,F19,BRD-K21295289,10.000000000000002,10.000000000000002,BRD-K21295289|10.000000000000002,development_extension
C-7161-01-LM6-004,F20,BRD-K21295289,3.333333333330769,3.333333333330769,BRD-K21295289|3.3333333333307689,development_extension
C-7161-01-LM6-004,F21,BRD-K21295289,1.1111111111153846,1.1111111111153846,BRD-K21295289|1.1111111111153846,development_extension
C-7161-01-LM6-004,F22,BRD-K21295289,0.3703703703692307,0.3703703703692307,BRD-K21295289|0.37037037036923071,development_extension
C-7161-01-LM6-004,F23,BRD-K21295289,0.1234567901230769,0.1234567901230769,BRD-K21295289|0.12345679012307691,development_extension
C-7161-01-LM6-004,F24,BRD-K21295289,0.041152263376923,0.041152263376923,BRD-K21295289|0.041152263376923001,development_extension
C-7161-01-LM6-004,G01,BRD-K21908111,10.000000000000002,10.000000000000002,BRD-K21908111|10.000000000000002,development_extension
C-7161-01-LM6-004,G02,BRD-K21908111,3.333333333330769,3.333333333330769,BRD-K21908111|3.3333333333307689,development_extension
C-7161-01-LM6-004,G03,BRD-K21908111,1.1111111111153846,1.1111111111153846,BRD-K21908111|1.1111111111153846,development_extension
C-7161-01-LM6-004,G04,BRD-K21908111,0.3703703703692307,0.3703703703692307,BRD-K21908111|0.37037037036923071,development_extension
C-7161-01-LM6-004,G05,BRD-K21908111,0.1234567901230769,0.1234567901230769,BRD-K21908111|0.12345679012307691,development_extension
C-7161-01-LM6-004,G06,BRD-K21908111,0.041152263376923,0.041152263376923,BRD-K21908111|0.041152263376923001,development_extension
C-7161-01-LM6-004,G07,BRD-K22031190,10.000000000000002,10.000000000000002,BRD-K22031190|10.000000000000002,development_extension
C-7161-01-LM6-004,G08,BRD-K22031190,3.333333333330769,3.333333333330769,BRD-K22031190|3.3333333333307689,development_extension
C-7161-01-LM6-004,G09,BRD-K22031190,1.1111111111153846,1.1111111111153846,BRD-K22031190|1.1111111111153846,development_extension
C-7161-01-LM6-004,G10,BRD-K22031190,0.3703703703692307,0.3703703703692307,BRD-K22031190|0.37037037036923071,development_extension
C-7161-01-LM6-004,G11,BRD-K22031190,0.1234567901230769,0.1234567901230769,BRD-K22031190|0.12345679012307691,development_extension
C-7161-01-LM6-004,G12,BRD-K22031190,0.041152263376923,0.041152263376923,BRD-K22031190|0.041152263376923001,development_extension
C-7161-01-LM6-004,H01,BRD-K22024824,10.0,10.0,BRD-K22024824|10,development_extension
C-7161-01-LM6-004,H02,BRD-K22024824,3.333333333330769,3.333333333330769,BRD-K22024824|3.3333333333307689,development_extension
C-7161-01-LM6-004,H03,BRD-K22024824,1.1111111111153846,1.1111111111153846,BRD-K22024824|1.1111111111153846,development_extension
C-7161-01-LM6-004,H04,BRD-K22024824,0.3703703703692307,0.3703703703692307,BRD-K22024824|0.37037037036923071,development_extension
C-7161-01-LM6-004,H05,BRD-K22024824,0.1234567901230769,0.1234567901230769,BRD-K22024824|0.12345679012307691,development_extension
C-7161-01-LM6-004,H06,BRD-K22024824,0.041152263376923,0.041152263376923,BRD-K22024824|0.041152263376923001,development_extension
C-7161-01-LM6-004,H07,BRD-A22032524,10.000000000000002,10.000000000000002,BRD-A22032524|10.000000000000002,development_extension
C-7161-01-LM6-004,H08,BRD-A22032524,3.333333333330769,3.333333333330769,BRD-A22032524|3.3333333333307689,development_extension
C-7161-01-LM6-004,H09,BRD-A22032524,1.1111111111153846,1.1111111111153846,BRD-A22032524|1.1111111111153846,development_extension
C-7161-01-LM6-004,H10,BRD-A22032524,0.3703703703692307,0.3703703703692307,BRD-A22032524|0.37037037036923071,development_extension
C-7161-01-LM6-004,H11,BRD-A22032524,0.1234567901230769,0.1234567901230769,BRD-A22032524|0.12345679012307691,development_extension
C-7161-01-LM6-004,H12,BRD-A22032524,0.041152263376923,0.041152263376923,BRD-A22032524|0.041152263376923001,development_extension
C-7161-01-LM6-004,H13,BRD-K22848513,10.000000000000002,10.000000000000002,BRD-K22848513|10.000000000000002,development_extension
C-7161-01-LM6-004,H14,BRD-K22848513,3.333333333330769,3.333333333330769,BRD-K22848513|3.3333333333307689,development_extension
C-7161-01-LM6-004,H15,BRD-K22848513,1.1111111111153846,1.1111111111153846,BRD-K22848513|1.1111111111153846,development_extension
C-7161-01-LM6-004,H16,BRD-K22848513,0.3703703703692307,0.3703703703692307,BRD-K22848513|0.37037037036923071,development_extension
C-7161-01-LM6-004,H17,BRD-K22848513,0.1234567901230769,0.1234567901230769,BRD-K22848513|0.12345679012307691,development_extension
C-7161-01-LM6-004,H18,BRD-K22848513,0.041152263376923,0.041152263376923,BRD-K22848513|0.041152263376923001,development_extension
C-7161-01-LM6-004,I07,BRD-K23672206,10.000000000000002,10.000000000000002,BRD-K23672206|10.000000000000002,development_extension
C-7161-01-LM6-004,I08,BRD-K23672206,3.333333333330769,3.333333333330769,BRD-K23672206|3.3333333333307689,development_extension
C-7161-01-LM6-004,I09,BRD-K23672206,1.1111111111153846,1.1111111111153846,BRD-K23672206|1.1111111111153846,development_extension
C-7161-01-LM6-004,I10,BRD-K23672206,0.3703703703692307,0.3703703703692307,BRD-K23672206|0.37037037036923071,development_extension
C-7161-01-LM6-004,I11,BRD-K23672206,0.1234567901230769,0.1234567901230769,BRD-K23672206|0.12345679012307691,development_extension
C-7161-01-LM6-004,I12,BRD-K23672206,0.041152263376923,0.041152263376923,BRD-K23672206|0.041152263376923001,development_extension
C-7161-01-LM6-004,I13,BRD-K23728141,10.000000000000002,10.000000000000002,BRD-K23728141|10.000000000000002,development_extension
C-7161-01-LM6-004,I14,BRD-K23728141,3.333333333330769,3.333333333330769,BRD-K23728141|3.3333333333307689,development_extension
C-7161-01-LM6-004,I15,BRD-K23728141,1.1111111111153846,1.1111111111153846,BRD-K23728141|1.1111111111153846,development_extension
C-7161-01-LM6-004,I16,BRD-K23728141,0.3703703703692307,0.3703703703692307,BRD-K23728141|0.37037037036923071,development_extension
C-7161-01-LM6-004,I17,BRD-K23728141,0.1234567901230769,0.1234567901230769,BRD-K23728141|0.12345679012307691,development_extension
C-7161-01-LM6-004,I18,BRD-K23728141,0.041152263376923,0.041152263376923,BRD-K23728141|0.041152263376923001,development_extension
C-7161-01-LM6-004,I19,BRD-K23363278,10.000000000000002,10.000000000000002,BRD-K23363278|10.000000000000002,smoke_extension
C-7161-01-LM6-004,I20,BRD-K23363278,3.333333333333333,3.333333333333333,BRD-K23363278|3.333333333333333,smoke_extension
C-7161-01-LM6-004,I21,BRD-K23363278,1.1111111111111112,1.1111111111111112,BRD-K23363278|1.1111111111111112,smoke_extension
C-7161-01-LM6-004,I22,BRD-K23363278,0.3703703703703703,0.3703703703703702,BRD-K23363278|0.37037037037037029,smoke_extension
C-7161-01-LM6-004,I23,BRD-K23363278,0.1234567901234567,0.1234567901234567,BRD-K23363278|0.1234567901234567,smoke_extension
C-7161-01-LM6-004,I24,BRD-K23363278,0.0411522633744855,0.0411522633744855,BRD-K23363278|0.0411522633744855,smoke_extension
C-7161-01-LM6-004,J01,BRD-A22769835,10.000000000000002,10.000000000000002,BRD-A22769835|10.000000000000002,development_extension
C-7161-01-LM6-004,J02,BRD-A22769835,3.333333333330769,3.333333333330769,BRD-A22769835|3.3333333333307689,development_extension
C-7161-01-LM6-004,J03,BRD-A22769835,1.1111111111153846,1.1111111111153846,BRD-A22769835|1.1111111111153846,development_extension
C-7161-01-LM6-004,J04,BRD-A22769835,0.3703703703692307,0.3703703703692307,BRD-A22769835|0.37037037036923071,development_extension
C-7161-01-LM6-004,J05,BRD-A22769835,0.1234567901230769,0.1234567901230769,BRD-A22769835|0.12345679012307691,development_extension
C-7161-01-LM6-004,J06,BRD-A22769835,0.041152263376923,0.041152263376923,BRD-A22769835|0.041152263376923001,development_extension
C-7161-01-LM6-004,J07,BRD-K23677682,10.000000000000002,10.000000000000002,BRD-K23677682|10.000000000000002,smoke_extension
C-7161-01-LM6-004,J08,BRD-K23677682,3.333333333330769,3.333333333330769,BRD-K23677682|3.3333333333307689,smoke_extension
C-7161-01-LM6-004,J09,BRD-K23677682,1.1111111111153846,1.1111111111153846,BRD-K23677682|1.1111111111153846,smoke_extension
C-7161-01-LM6-004,J10,BRD-K23677682,0.3703703703692307,0.3703703703692307,BRD-K23677682|0.37037037036923071,smoke_extension
C-7161-01-LM6-004,J11,BRD-K23677682,0.1234567901230769,0.1234567901230769,BRD-K23677682|0.12345679012307691,smoke_extension
C-7161-01-LM6-004,J12,BRD-K23677682,0.041152263376923,0.041152263376923,BRD-K23677682|0.041152263376923001,smoke_extension
C-7161-01-LM6-004,K19,BRD-K21718444,10.000000000000002,10.000000000000002,BRD-K21718444|10.000000000000002,development_extension
C-7161-01-LM6-004,K20,BRD-K21718444,3.333333333330769,3.333333333330769,BRD-K21718444|3.3333333333307689,development_extension
C-7161-01-LM6-004,K21,BRD-K21718444,1.1111111111153846,1.1111111111153846,BRD-K21718444|1.1111111111153846,development_extension
C-7161-01-LM6-004,K22,BRD-K21718444,0.3703703703692307,0.3703703703692307,BRD-K21718444|0.37037037036923071,development_extension
C-7161-01-LM6-004,K23,BRD-K21718444,0.1234567901230769,0.1234567901230769,BRD-K21718444|0.12345679012307691,development_extension
C-7161-01-LM6-004,K24,BRD-K21718444,0.041152263376923,0.041152263376923,BRD-K21718444|0.041152263376923001,development_extension
C-7161-01-LM6-004,L01,BRD-K24723746,10.000000000000002,10.000000000000002,BRD-K24723746|10.000000000000002,development_extension
C-7161-01-LM6-004,L02,BRD-K24723746,3.333333333330769,3.333333333330769,BRD-K24723746|3.3333333333307689,development_extension
C-7161-01-LM6-004,L03,BRD-K24723746,1.1111111111153846,1.1111111111153846,BRD-K24723746|1.1111111111153846,development_extension
C-7161-01-LM6-004,L04,BRD-K24723746,0.3703703703692307,0.3703703703692307,BRD-K24723746|0.37037037036923071,development_extension
C-7161-01-LM6-004,L05,BRD-K24723746,0.1234567901230769,0.1234567901230769,BRD-K24723746|0.12345679012307691,development_extension
C-7161-01-LM6-004,L06,BRD-K24723746,0.041152263376923,0.041152263376923,BRD-K24723746|0.041152263376923001,development_extension
C-7161-01-LM6-004,L07,BRD-K19540840,10.000000000000002,10.000000000000002,BRD-K19540840|10.000000000000002,development_extension
C-7161-01-LM6-004,L08,BRD-K19540840,3.333333333330769,3.333333333330769,BRD-K19540840|3.3333333333307689,development_extension
C-7161-01-LM6-004,L09,BRD-K19540840,1.1111111111153846,1.1111111111153846,BRD-K19540840|1.1111111111153846,development_extension
C-7161-01-LM6-004,L10,BRD-K19540840,0.3703703703692307,0.3703703703692307,BRD-K19540840|0.37037037036923071,development_extension
C-7161-01-LM6-004,L11,BRD-K19540840,0.1234567901230769,0.1234567901230769,BRD-K19540840|0.12345679012307691,development_extension
C-7161-01-LM6-004,L12,BRD-K19540840,0.041152263376923,0.041152263376923,BRD-K19540840|0.041152263376923001,development_extension
C-7161-01-LM6-004,L13,BRD-K20920669,10.000000000000002,10.000000000000002,BRD-K20920669|10.000000000000002,development_extension
C-7161-01-LM6-004,L14,BRD-K20920669,3.333333333330769,3.333333333330769,BRD-K20920669|3.3333333333307689,development_extension
C-7161-01-LM6-004,L15,BRD-K20920669,1.1111111111153846,1.1111111111153846,BRD-K20920669|1.1111111111153846,development_extension
C-7161-01-LM6-004,L16,BRD-K20920669,0.3703703703692307,0.3703703703692307,BRD-K20920669|0.37037037036923071,development_extension
C-7161-01-LM6-004,L17,BRD-K20920669,0.1234567901230769,0.1234567901230769,BRD-K20920669|0.12345679012307691,development_extension
C-7161-01-LM6-004,L18,BRD-K20920669,0.041152263376923,0.041152263376923,BRD-K20920669|0.041152263376923001,development_extension
C-7161-01-LM6-004,L19,BRD-K22134346,10.000000000000002,10.000000000000002,BRD-K22134346|10.000000000000002,development_extension
C-7161-01-LM6-004,L20,BRD-K22134346,3.333333333330769,3.333333333330769,BRD-K22134346|3.3333333333307689,development_extension
C-7161-01-LM6-004,L21,BRD-K22134346,1.1111111111153846,1.1111111111153846,BRD-K22134346|1.1111111111153846,development_extension
C-7161-01-LM6-004,L22,BRD-K22134346,0.3703703703692307,0.3703703703692307,BRD-K22134346|0.37037037036923071,development_extension
C-7161-01-LM6-004,L23,BRD-K22134346,0.1234567901230769,0.1234567901230769,BRD-K22134346|0.12345679012307691,development_extension
C-7161-01-LM6-004,L24,BRD-K22134346,0.041152263376923,0.041152263376923,BRD-K22134346|0.041152263376923001,development_extension
C-7161-01-LM6-004,M01,BRD-K23976833,10.000000000000002,10.000000000000002,BRD-K23976833|10.000000000000002,development_extension
C-7161-01-LM6-004,M02,BRD-K23976833,3.333333333330769,3.333333333330769,BRD-K23976833|3.3333333333307689,development_extension
C-7161-01-LM6-004,M03,BRD-K23976833,1.1111111111153846,1.1111111111153846,BRD-K23976833|1.1111111111153846,development_extension
C-7161-01-LM6-004,M04,BRD-K23976833,0.3703703703692307,0.3703703703692307,BRD-K23976833|0.37037037036923071,development_extension
C-7161-01-LM6-004,M05,BRD-K23976833,0.1234567901230769,0.1234567901230769,BRD-K23976833|0.12345679012307691,development_extension
C-7161-01-LM6-004,M06,BRD-K23976833,0.041152263376923,0.041152263376923,BRD-K23976833|0.041152263376923001,development_extension
C-7161-01-LM6-004,M13,BRD-K24968862,10.000000000000002,10.000000000000002,BRD-K24968862|10.000000000000002,development_extension
C-7161-01-LM6-004,M14,BRD-K24968862,3.333333333330769,3.333333333330769,BRD-K24968862|3.3333333333307689,development_extension
C-7161-01-LM6-004,M15,BRD-K24968862,1.1111111111153846,1.1111111111153846,BRD-K24968862|1.1111111111153846,development_extension
C-7161-01-LM6-004,M16,BRD-K24968862,0.3703703703692307,0.3703703703692307,BRD-K24968862|0.37037037036923071,development_extension
C-7161-01-LM6-004,M17,BRD-K24968862,0.1234567901230769,0.1234567901230769,BRD-K24968862|0.12345679012307691,development_extension
C-7161-01-LM6-004,M18,BRD-K24968862,0.041152263376923,0.041152263376923,BRD-K24968862|0.041152263376923001,development_extension
C-7161-01-LM6-004,M19,BRD-K25630527,10.000000000000002,10.000000000000002,BRD-K25630527|10.000000000000002,smoke_extension
C-7161-01-LM6-004,M20,BRD-K25630527,3.333333333330769,3.333333333330769,BRD-K25630527|3.3333333333307689,smoke_extension
C-7161-01-LM6-004,M21,BRD-K25630527,1.1111111111153846,1.1111111111153846,BRD-K25630527|1.1111111111153846,smoke_extension
C-7161-01-LM6-004,M22,BRD-K25630527,0.3703703703692307,0.3703703703692307,BRD-K25630527|0.37037037036923071,smoke_extension
C-7161-01-LM6-004,M23,BRD-K25630527,0.1234567901230769,0.1234567901230769,BRD-K25630527|0.12345679012307691,smoke_extension
C-7161-01-LM6-004,M24,BRD-K25630527,0.041152263376923,0.041152263376923,BRD-K25630527|0.041152263376923001,smoke_extension
C-7161-01-LM6-004,N01,BRD-A24228527,10.000000000000002,10.000000000000002,BRD-A24228527|10.000000000000002,development_extension
C-7161-01-LM6-004,N02,BRD-A24228527,3.333333333330769,3.333333333330769,BRD-A24228527|3.3333333333307689,development_extension
C-7161-01-LM6-004,N03,BRD-A24228527,1.1111111111153846,1.1111111111153846,BRD-A24228527|1.1111111111153846,development_extension
C-7161-01-LM6-004,N04,BRD-A24228527,0.3703703703692307,0.3703703703692307,BRD-A24228527|0.37037037036923071,development_extension
C-7161-01-LM6-004,N05,BRD-A24228527,0.1234567901230769,0.1234567901230769,BRD-A24228527|0.12345679012307691,development_extension
C-7161-01-LM6-004,N06,BRD-A24228527,0.041152263376923,0.041152263376923,BRD-A24228527|0.041152263376923001,development_extension
C-7161-01-LM6-004,N07,BRD-K24943235,10.000000000000002,10.000000000000002,BRD-K24943235|10.000000000000002,smoke_extension
C-7161-01-LM6-004,N08,BRD-K24943235,3.333333333330769,3.333333333330769,BRD-K24943235|3.3333333333307689,smoke_extension
C-7161-01-LM6-004,N09,BRD-K24943235,1.1111111111153846,1.1111111111153846,BRD-K24943235|1.1111111111153846,smoke_extension
C-7161-01-LM6-004,N10,BRD-K24943235,0.3703703703692307,0.3703703703692307,BRD-K24943235|0.37037037036923071,smoke_extension
C-7161-01-LM6-004,N11,BRD-K24943235,0.1234567901230769,0.1234567901230769,BRD-K24943235|0.12345679012307691,smoke_extension
C-7161-01-LM6-004,N12,BRD-K24943235,0.041152263376923,0.041152263376923,BRD-K24943235|0.041152263376923001,smoke_extension
C-7161-01-LM6-004,N13,BRD-A25619068,10.0,10.0,BRD-A25619068|10,development_extension
C-7161-01-LM6-004,N14,BRD-A25619068,3.333333333333333,3.333333333333333,BRD-A25619068|3.333333333333333,development_extension
C-7161-01-LM6-004,N15,BRD-A25619068,1.1111111111111112,1.1111111111111112,BRD-A25619068|1.1111111111111112,development_extension
C-7161-01-LM6-004,N16,BRD-A25619068,0.3703703703703703,0.3703703703703702,BRD-A25619068|0.37037037037037029,development_extension
C-7161-01-LM6-004,N17,BRD-A25619068,0.1234567901234567,0.1234567901234567,BRD-A25619068|0.1234567901234567,development_extension
C-7161-01-LM6-004,N18,BRD-A25619068,0.0411522633744856,0.0411522633744855,BRD-A25619068|0.041152263374485597,development_extension
C-7161-01-LM6-004,O07,BRD-A26384407,10.000000000000002,10.000000000000002,BRD-A26384407|10.000000000000002,development_extension
C-7161-01-LM6-004,O08,BRD-A26384407,3.333333333330769,3.333333333330769,BRD-A26384407|3.3333333333307689,development_extension
C-7161-01-LM6-004,O09,BRD-A26384407,1.1111111111153846,1.1111111111153846,BRD-A26384407|1.1111111111153846,development_extension
C-7161-01-LM6-004,O10,BRD-A26384407,0.3703703703692307,0.3703703703692307,BRD-A26384407|0.37037037036923071,development_extension
C-7161-01-LM6-004,O11,BRD-A26384407,0.1234567901230769,0.1234567901230769,BRD-A26384407|0.12345679012307691,development_extension
C-7161-01-LM6-004,O12,BRD-A26384407,0.041152263376923,0.041152263376923,BRD-A26384407|0.041152263376923001,development_extension
C-7161-01-LM6-004,O13,BRD-A26503646,10.000000000000002,10.000000000000002,BRD-A26503646|10.000000000000002,development_extension
C-7161-01-LM6-004,O14,BRD-A26503646,3.333333333330769,3.333333333330769,BRD-A26503646|3.3333333333307689,development_extension
C-7161-01-LM6-004,O15,BRD-A26503646,1.1111111111153846,1.1111111111153846,BRD-A26503646|1.1111111111153846,development_extension
C-7161-01-LM6-004,O16,BRD-A26503646,0.3703703703692307,0.3703703703692307,BRD-A26503646|0.37037037036923071,development_extension
C-7161-01-LM6-004,O17,BRD-A26503646,0.1234567901230769,0.1234567901230769,BRD-A26503646|0.12345679012307691,development_extension
C-7161-01-LM6-004,O18,BRD-A26503646,0.041152263376923,0.041152263376923,BRD-A26503646|0.041152263376923001,development_extension
C-7161-01-LM6-004,O19,BRD-K27184429,10.000000000000002,10.000000000000002,BRD-K27184429|10.000000000000002,development_extension
C-7161-01-LM6-004,O20,BRD-K27184429,3.333333333330769,3.333333333330769,BRD-K27184429|3.3333333333307689,development_extension
C-7161-01-LM6-004,O21,BRD-K27184429,1.1111111111153846,1.1111111111153846,BRD-K27184429|1.1111111111153846,development_extension
C-7161-01-LM6-004,O22,BRD-K27184429,0.3703703703692307,0.3703703703692307,BRD-K27184429|0.37037037036923071,development_extension
C-7161-01-LM6-004,O23,BRD-K27184429,0.1234567901230769,0.1234567901230769,BRD-K27184429|0.12345679012307691,development_extension
C-7161-01-LM6-004,O24,BRD-K27184429,0.041152263376923,0.041152263376923,BRD-K27184429|0.041152263376923001,development_extension
C-7161-01-LM6-004,P01,BRD-K26341917,10.000000000000002,10.000000000000002,BRD-K26341917|10.000000000000002,development_extension
C-7161-01-LM6-004,P02,BRD-K26341917,3.333333333330769,3.333333333330769,BRD-K26341917|3.3333333333307689,development_extension
C-7161-01-LM6-004,P03,BRD-K26341917,1.1111111111153846,1.1111111111153846,BRD-K26341917|1.1111111111153846,development_extension
C-7161-01-LM6-004,P04,BRD-K26341917,0.3703703703692307,0.3703703703692307,BRD-K26341917|0.37037037036923071,development_extension
C-7161-01-LM6-004,P05,BRD-K26341917,0.1234567901230769,0.1234567901230769,BRD-K26341917|0.12345679012307691,development_extension
C-7161-01-LM6-004,P06,BRD-K26341917,0.041152263376923,0.041152263376923,BRD-K26341917|0.041152263376923001,development_extension
C-7161-01-LM6-004,P07,BRD-A26423207,10.000000000000002,10.000000000000002,BRD-A26423207|10.000000000000002,development_extension
C-7161-01-LM6-004,P08,BRD-A26423207,3.333333333330769,3.333333333330769,BRD-A26423207|3.3333333333307689,development_extension
C-7161-01-LM6-004,P09,BRD-A26423207,1.1111111111153846,1.1111111111153846,BRD-A26423207|1.1111111111153846,development_extension
C-7161-01-LM6-004,P10,BRD-A26423207,0.3703703703692307,0.3703703703692307,BRD-A26423207|0.37037037036923071,development_extension
C-7161-01-LM6-004,P11,BRD-A26423207,0.1234567901230769,0.1234567901230769,BRD-A26423207|0.12345679012307691,development_extension
C-7161-01-LM6-004,P12,BRD-A26423207,0.041152263376923,0.041152263376923,BRD-A26423207|0.041152263376923001,development_extension
C-7161-01-LM6-004,P19,BRD-K27204852,10.000000000000002,10.000000000000002,BRD-K27204852|10.000000000000002,smoke_extension
C-7161-01-LM6-004,P20,BRD-K27204852,3.333333333330769,3.333333333330769,BRD-K27204852|3.3333333333307689,smoke_extension
C-7161-01-LM6-004,P21,BRD-K27204852,1.1111111111153846,1.1111111111153846,BRD-K27204852|1.1111111111153846,smoke_extension
C-7161-01-LM6-004,P22,BRD-K27204852,0.3703703703692307,0.3703703703692307,BRD-K27204852|0.37037037036923071,smoke_extension
C-7161-01-LM6-004,P23,BRD-K27204852,0.1234567901230769,0.1234567901230769,BRD-K27204852|0.12345679012307691,smoke_extension
C-7161-01-LM6-004,P24,BRD-K27204852,0.041152263376923,0.041152263376923,BRD-K27204852|0.041152263376923001,smoke_extension
C-7161-01-LM6-005,A07,BRD-K07881437,10.000000000000002,10.000000000000002,BRD-K07881437|10.000000000000002,development_extension
C-7161-01-LM6-005,A08,BRD-K07881437,3.333333333330769,3.333333333330769,BRD-K07881437|3.3333333333307689,development_extension
C-7161-01-LM6-005,A09,BRD-K07881437,1.1111111111153846,1.1111111111153846,BRD-K07881437|1.1111111111153846,development_extension
C-7161-01-LM6-005,A10,BRD-K07881437,0.3703703703692307,0.3703703703692307,BRD-K07881437|0.37037037036923071,development_extension
C-7161-01-LM6-005,A11,BRD-K07881437,0.1234567901230769,0.1234567901230769,BRD-K07881437|0.12345679012307691,development_extension
C-7161-01-LM6-005,A12,BRD-K07881437,0.041152263376923,0.041152263376923,BRD-K07881437|0.041152263376923001,development_extension
C-7161-01-LM6-005,B07,BRD-K07954936,10.0,10.0,BRD-K07954936|10,smoke_extension
C-7161-01-LM6-005,B08,BRD-K07954936,3.333333333333333,3.333333333333333,BRD-K07954936|3.333333333333333,smoke_extension
C-7161-01-LM6-005,B09,BRD-K07954936,1.1111111111111112,1.1111111111111112,BRD-K07954936|1.1111111111111112,smoke_extension
C-7161-01-LM6-005,B10,BRD-K07954936,0.3703703703703703,0.3703703703703702,BRD-K07954936|0.37037037037037029,smoke_extension
C-7161-01-LM6-005,B11,BRD-K07954936,0.1234567901234567,0.1234567901234567,BRD-K07954936|0.1234567901234567,smoke_extension
C-7161-01-LM6-005,B12,BRD-K07954936,0.0411522633744856,0.0411522633744855,BRD-K07954936|0.041152263374485597,smoke_extension
C-7161-01-LM6-005,B13,BRD-K08037784,10.000000000000002,10.000000000000002,BRD-K08037784|10.000000000000002,development_extension
C-7161-01-LM6-005,B14,BRD-K08037784,3.333333333330769,3.333333333330769,BRD-K08037784|3.3333333333307689,development_extension
C-7161-01-LM6-005,B15,BRD-K08037784,1.1111111111153846,1.1111111111153846,BRD-K08037784|1.1111111111153846,development_extension
C-7161-01-LM6-005,B16,BRD-K08037784,0.3703703703692307,0.3703703703692307,BRD-K08037784|0.37037037036923071,development_extension
C-7161-01-LM6-005,B17,BRD-K08037784,0.1234567901230769,0.1234567901230769,BRD-K08037784|0.12345679012307691,development_extension
C-7161-01-LM6-005,B18,BRD-K08037784,0.041152263376923,0.041152263376923,BRD-K08037784|0.041152263376923001,development_extension
C-7161-01-LM6-005,B19,BRD-A08187463,10.000000000000002,10.000000000000002,BRD-A08187463|10.000000000000002,development_extension
C-7161-01-LM6-005,B20,BRD-A08187463,3.333333333330769,3.333333333330769,BRD-A08187463|3.3333333333307689,development_extension
C-7161-01-LM6-005,B21,BRD-A08187463,1.1111111111153846,1.1111111111153846,BRD-A08187463|1.1111111111153846,development_extension
C-7161-01-LM6-005,B22,BRD-A08187463,0.3703703703692307,0.3703703703692307,BRD-A08187463|0.37037037036923071,development_extension
C-7161-01-LM6-005,B23,BRD-A08187463,0.1234567901230769,0.1234567901230769,BRD-A08187463|0.12345679012307691,development_extension
C-7161-01-LM6-005,B24,BRD-A08187463,0.041152263376923,0.041152263376923,BRD-A08187463|0.041152263376923001,development_extension
C-7161-01-LM6-005,C01,BRD-K08206212,10.000000000000002,10.000000000000002,BRD-K08206212|10.000000000000002,development_extension
C-7161-01-LM6-005,C02,BRD-K08206212,3.333333333330769,3.333333333330769,BRD-K08206212|3.3333333333307689,development_extension
C-7161-01-LM6-005,C03,BRD-K08206212,1.1111111111153846,1.1111111111153846,BRD-K08206212|1.1111111111153846,development_extension
C-7161-01-LM6-005,C04,BRD-K08206212,0.3703703703692307,0.3703703703692307,BRD-K08206212|0.37037037036923071,development_extension
C-7161-01-LM6-005,C05,BRD-K08206212,0.1234567901230769,0.1234567901230769,BRD-K08206212|0.12345679012307691,development_extension
C-7161-01-LM6-005,C06,BRD-K08206212,0.041152263376923,0.041152263376923,BRD-K08206212|0.041152263376923001,development_extension
C-7161-01-LM6-005,C13,BRD-K08547377,10.000000000000002,10.000000000000002,BRD-K08547377|10.000000000000002,development_extension
C-7161-01-LM6-005,C14,BRD-K08547377,3.333333333330769,3.333333333330769,BRD-K08547377|3.3333333333307689,development_extension
C-7161-01-LM6-005,C15,BRD-K08547377,1.1111111111153846,1.1111111111153846,BRD-K08547377|1.1111111111153846,development_extension
C-7161-01-LM6-005,C16,BRD-K08547377,0.3703703703692307,0.3703703703692307,BRD-K08547377|0.37037037036923071,development_extension
C-7161-01-LM6-005,C17,BRD-K08547377,0.1234567901230769,0.1234567901230769,BRD-K08547377|0.12345679012307691,development_extension
C-7161-01-LM6-005,C18,BRD-K08547377,0.041152263376923,0.041152263376923,BRD-K08547377|0.041152263376923001,development_extension
C-7161-01-LM6-005,D01,BRD-K08248804,10.000000000000002,10.000000000000002,BRD-K08248804|10.000000000000002,development_extension
C-7161-01-LM6-005,D02,BRD-K08248804,3.333333333330769,3.333333333330769,BRD-K08248804|3.3333333333307689,development_extension
C-7161-01-LM6-005,D03,BRD-K08248804,1.1111111111153846,1.1111111111153846,BRD-K08248804|1.1111111111153846,development_extension
C-7161-01-LM6-005,D04,BRD-K08248804,0.3703703703692307,0.3703703703692307,BRD-K08248804|0.37037037036923071,development_extension
C-7161-01-LM6-005,D05,BRD-K08248804,0.1234567901230769,0.1234567901230769,BRD-K08248804|0.12345679012307691,development_extension
C-7161-01-LM6-005,D06,BRD-K08248804,0.041152263376923,0.041152263376923,BRD-K08248804|0.041152263376923001,development_extension
C-7161-01-LM6-005,D07,BRD-A08545410,10.000000000000002,10.000000000000002,BRD-A08545410|10.000000000000002,development_extension
C-7161-01-LM6-005,D08,BRD-A08545410,3.333333333330769,3.333333333330769,BRD-A08545410|3.3333333333307689,development_extension
C-7161-01-LM6-005,D09,BRD-A08545410,1.1111111111153846,1.1111111111153846,BRD-A08545410|1.1111111111153846,development_extension
C-7161-01-LM6-005,D10,BRD-A08545410,0.3703703703692307,0.3703703703692307,BRD-A08545410|0.37037037036923071,development_extension
C-7161-01-LM6-005,D11,BRD-A08545410,0.1234567901230769,0.1234567901230769,BRD-A08545410|0.12345679012307691,development_extension
C-7161-01-LM6-005,D12,BRD-A08545410,0.041152263376923,0.041152263376923,BRD-A08545410|0.041152263376923001,development_extension
C-7161-01-LM6-005,D19,BRD-K08703257,10.000000000000002,10.000000000000002,BRD-K08703257|10.000000000000002,smoke_extension
C-7161-01-LM6-005,D20,BRD-K08703257,3.333333333330769,3.333333333330769,BRD-K08703257|3.3333333333307689,smoke_extension
C-7161-01-LM6-005,D21,BRD-K08703257,1.1111111111153846,1.1111111111153846,BRD-K08703257|1.1111111111153846,smoke_extension
C-7161-01-LM6-005,D22,BRD-K08703257,0.3703703703692307,0.3703703703692307,BRD-K08703257|0.37037037036923071,smoke_extension
C-7161-01-LM6-005,D23,BRD-K08703257,0.1234567901230769,0.1234567901230769,BRD-K08703257|0.12345679012307691,smoke_extension
C-7161-01-LM6-005,D24,BRD-K08703257,0.041152263376923,0.041152263376923,BRD-K08703257|0.041152263376923001,smoke_extension
C-7161-01-LM6-005,E01,BRD-K08799216,10.000000000000002,10.000000000000002,BRD-K08799216|10.000000000000002,smoke_extension
C-7161-01-LM6-005,E02,BRD-K08799216,3.333333333330769,3.333333333330769,BRD-K08799216|3.3333333333307689,smoke_extension
C-7161-01-LM6-005,E03,BRD-K08799216,1.1111111111153846,1.1111111111153846,BRD-K08799216|1.1111111111153846,smoke_extension
C-7161-01-LM6-005,E04,BRD-K08799216,0.3703703703692307,0.3703703703692307,BRD-K08799216|0.37037037036923071,smoke_extension
C-7161-01-LM6-005,E05,BRD-K08799216,0.1234567901230769,0.1234567901230769,BRD-K08799216|0.12345679012307691,smoke_extension
C-7161-01-LM6-005,E06,BRD-K08799216,0.041152263376923,0.041152263376923,BRD-K08799216|0.041152263376923001,smoke_extension
C-7161-01-LM6-005,E07,BRD-K08859203,10.000000000000002,10.000000000000002,BRD-K08859203|10.000000000000002,development_extension
C-7161-01-LM6-005,E08,BRD-K08859203,3.333333333330769,3.333333333330769,BRD-K08859203|3.3333333333307689,development_extension
C-7161-01-LM6-005,E09,BRD-K08859203,1.1111111111153846,1.1111111111153846,BRD-K08859203|1.1111111111153846,development_extension
C-7161-01-LM6-005,E10,BRD-K08859203,0.3703703703692307,0.3703703703692307,BRD-K08859203|0.37037037036923071,development_extension
C-7161-01-LM6-005,E11,BRD-K08859203,0.1234567901230769,0.1234567901230769,BRD-K08859203|0.12345679012307691,development_extension
C-7161-01-LM6-005,E12,BRD-K08859203,0.041152263376923,0.041152263376923,BRD-K08859203|0.041152263376923001,development_extension
C-7161-01-LM6-005,E13,BRD-K08924299,10.000000000000002,10.000000000000002,BRD-K08924299|10.000000000000002,smoke_extension
C-7161-01-LM6-005,E14,BRD-K08924299,3.333333333330769,3.333333333330769,BRD-K08924299|3.3333333333307689,smoke_extension
C-7161-01-LM6-005,E15,BRD-K08924299,1.1111111111153846,1.1111111111153846,BRD-K08924299|1.1111111111153846,smoke_extension
C-7161-01-LM6-005,E16,BRD-K08924299,0.3703703703692307,0.3703703703692307,BRD-K08924299|0.37037037036923071,smoke_extension
C-7161-01-LM6-005,E17,BRD-K08924299,0.1234567901230769,0.1234567901230769,BRD-K08924299|0.12345679012307691,smoke_extension
C-7161-01-LM6-005,E18,BRD-K08924299,0.041152263376923,0.041152263376923,BRD-K08924299|0.041152263376923001,smoke_extension
C-7161-01-LM6-005,E19,BRD-K09078998,10.000000000000002,10.000000000000002,BRD-K09078998|10.000000000000002,development_extension
C-7161-01-LM6-005,E20,BRD-K09078998,3.333333333330769,3.333333333330769,BRD-K09078998|3.3333333333307689,development_extension
C-7161-01-LM6-005,E21,BRD-K09078998,1.1111111111153846,1.1111111111153846,BRD-K09078998|1.1111111111153846,development_extension
C-7161-01-LM6-005,E22,BRD-K09078998,0.3703703703692307,0.3703703703692307,BRD-K09078998|0.37037037036923071,development_extension
C-7161-01-LM6-005,E23,BRD-K09078998,0.1234567901230769,0.1234567901230769,BRD-K09078998|0.12345679012307691,development_extension
C-7161-01-LM6-005,E24,BRD-K09078998,0.041152263376923,0.041152263376923,BRD-K09078998|0.041152263376923001,development_extension
C-7161-01-LM6-005,F01,BRD-K08832567,10.000000000000002,10.000000000000002,BRD-K08832567|10.000000000000002,smoke_extension
C-7161-01-LM6-005,F02,BRD-K08832567,3.333333333330769,3.333333333330769,BRD-K08832567|3.3333333333307689,smoke_extension
C-7161-01-LM6-005,F03,BRD-K08832567,1.1111111111153846,1.1111111111153846,BRD-K08832567|1.1111111111153846,smoke_extension
C-7161-01-LM6-005,F04,BRD-K08832567,0.3703703703692307,0.3703703703692307,BRD-K08832567|0.37037037036923071,smoke_extension
C-7161-01-LM6-005,F05,BRD-K08832567,0.1234567901230769,0.1234567901230769,BRD-K08832567|0.12345679012307691,smoke_extension
C-7161-01-LM6-005,F06,BRD-K08832567,0.041152263376923,0.041152263376923,BRD-K08832567|0.041152263376923001,smoke_extension
C-7161-01-LM6-005,F13,BRD-K08976401,10.000000000000002,10.000000000000002,BRD-K08976401|10.000000000000002,development_extension
C-7161-01-LM6-005,F14,BRD-K08976401,3.333333333330769,3.333333333330769,BRD-K08976401|3.3333333333307689,development_extension
C-7161-01-LM6-005,F15,BRD-K08976401,1.1111111111153846,1.1111111111153846,BRD-K08976401|1.1111111111153846,development_extension
C-7161-01-LM6-005,F16,BRD-K08976401,0.3703703703692307,0.3703703703692307,BRD-K08976401|0.37037037036923071,development_extension
C-7161-01-LM6-005,F17,BRD-K08976401,0.1234567901230769,0.1234567901230769,BRD-K08976401|0.12345679012307691,development_extension
C-7161-01-LM6-005,F18,BRD-K08976401,0.041152263376923,0.041152263376923,BRD-K08976401|0.041152263376923001,development_extension
C-7161-01-LM6-005,F19,BRD-K09090949,10.000000000000002,10.000000000000002,BRD-K09090949|10.000000000000002,development_extension
C-7161-01-LM6-005,F20,BRD-K09090949,3.333333333330769,3.333333333330769,BRD-K09090949|3.3333333333307689,development_extension
C-7161-01-LM6-005,F21,BRD-K09090949,1.1111111111153846,1.1111111111153846,BRD-K09090949|1.1111111111153846,development_extension
C-7161-01-LM6-005,F22,BRD-K09090949,0.3703703703692307,0.3703703703692307,BRD-K09090949|0.37037037036923071,development_extension
C-7161-01-LM6-005,F23,BRD-K09090949,0.1234567901230769,0.1234567901230769,BRD-K09090949|0.12345679012307691,development_extension
C-7161-01-LM6-005,F24,BRD-K09090949,0.041152263376923,0.041152263376923,BRD-K09090949|0.041152263376923001,development_extension
C-7161-01-LM6-005,G01,BRD-K09132007,10.000000000000002,10.000000000000002,BRD-K09132007|10.000000000000002,development_extension
C-7161-01-LM6-005,G02,BRD-K09132007,3.333333333330769,3.333333333330769,BRD-K09132007|3.3333333333307689,development_extension
C-7161-01-LM6-005,G03,BRD-K09132007,1.1111111111153846,1.1111111111153846,BRD-K09132007|1.1111111111153846,development_extension
C-7161-01-LM6-005,G04,BRD-K09132007,0.3703703703692307,0.3703703703692307,BRD-K09132007|0.37037037036923071,development_extension
C-7161-01-LM6-005,G05,BRD-K09132007,0.1234567901230769,0.1234567901230769,BRD-K09132007|0.12345679012307691,development_extension
C-7161-01-LM6-005,G06,BRD-K09132007,0.041152263376923,0.041152263376923,BRD-K09132007|0.041152263376923001,development_extension
C-7161-01-LM6-005,G07,BRD-A09349126,10.000000000000002,10.000000000000002,BRD-A09349126|10.000000000000002,development_extension
C-7161-01-LM6-005,G08,BRD-A09349126,3.333333333330769,3.333333333330769,BRD-A09349126|3.3333333333307689,development_extension
C-7161-01-LM6-005,G09,BRD-A09349126,1.1111111111153846,1.1111111111153846,BRD-A09349126|1.1111111111153846,development_extension
C-7161-01-LM6-005,G10,BRD-A09349126,0.3703703703692307,0.3703703703692307,BRD-A09349126|0.37037037036923071,development_extension
C-7161-01-LM6-005,G11,BRD-A09349126,0.1234567901230769,0.1234567901230769,BRD-A09349126|0.12345679012307691,development_extension
C-7161-01-LM6-005,G12,BRD-A09349126,0.041152263376923,0.041152263376923,BRD-A09349126|0.041152263376923001,development_extension
C-7161-01-LM6-005,G19,BRD-K09426783,10.000000000000002,10.000000000000002,BRD-K09426783|10.000000000000002,development_extension
C-7161-01-LM6-005,G20,BRD-K09426783,3.333333333330769,3.333333333330769,BRD-K09426783|3.3333333333307689,development_extension
C-7161-01-LM6-005,G21,BRD-K09426783,1.1111111111153846,1.1111111111153846,BRD-K09426783|1.1111111111153846,development_extension
C-7161-01-LM6-005,G22,BRD-K09426783,0.3703703703692307,0.3703703703692307,BRD-K09426783|0.37037037036923071,development_extension
C-7161-01-LM6-005,G23,BRD-K09426783,0.1234567901230769,0.1234567901230769,BRD-K09426783|0.12345679012307691,development_extension
C-7161-01-LM6-005,G24,BRD-K09426783,0.041152263376923,0.041152263376923,BRD-K09426783|0.041152263376923001,development_extension
C-7161-01-LM6-005,H01,BRD-K09255212,10.000000000000002,10.000000000000002,BRD-K09255212|10.000000000000002,development_extension
C-7161-01-LM6-005,H02,BRD-K09255212,3.333333333330769,3.333333333330769,BRD-K09255212|3.3333333333307689,development_extension
C-7161-01-LM6-005,H03,BRD-K09255212,1.1111111111153846,1.1111111111153846,BRD-K09255212|1.1111111111153846,development_extension
C-7161-01-LM6-005,H04,BRD-K09255212,0.3703703703692307,0.3703703703692307,BRD-K09255212|0.37037037036923071,development_extension
C-7161-01-LM6-005,H05,BRD-K09255212,0.1234567901230769,0.1234567901230769,BRD-K09255212|0.12345679012307691,development_extension
C-7161-01-LM6-005,H06,BRD-K09255212,0.041152263376923,0.041152263376923,BRD-K09255212|0.041152263376923001,development_extension
C-7161-01-LM6-005,H07,BRD-K09372874,10.000000000000002,10.000000000000002,BRD-K09372874|10.000000000000002,development_extension
C-7161-01-LM6-005,H08,BRD-K09372874,3.333333333330769,3.333333333330769,BRD-K09372874|3.3333333333307689,development_extension
C-7161-01-LM6-005,H09,BRD-K09372874,1.1111111111153846,1.1111111111153846,BRD-K09372874|1.1111111111153846,development_extension
C-7161-01-LM6-005,H10,BRD-K09372874,0.3703703703692307,0.3703703703692307,BRD-K09372874|0.37037037036923071,development_extension
C-7161-01-LM6-005,H11,BRD-K09372874,0.1234567901230769,0.1234567901230769,BRD-K09372874|0.12345679012307691,development_extension
C-7161-01-LM6-005,H12,BRD-K09372874,0.041152263376923,0.041152263376923,BRD-K09372874|0.041152263376923001,development_extension
C-7161-01-LM6-005,H13,BRD-K09397065,10.000000000000002,10.000000000000002,BRD-K09397065|10.000000000000002,development_extension
C-7161-01-LM6-005,H14,BRD-K09397065,3.333333333330769,3.333333333330769,BRD-K09397065|3.3333333333307689,development_extension
C-7161-01-LM6-005,H15,BRD-K09397065,1.1111111111153846,1.1111111111153846,BRD-K09397065|1.1111111111153846,development_extension
C-7161-01-LM6-005,H16,BRD-K09397065,0.3703703703692307,0.3703703703692307,BRD-K09397065|0.37037037036923071,development_extension
C-7161-01-LM6-005,H17,BRD-K09397065,0.1234567901230769,0.1234567901230769,BRD-K09397065|0.12345679012307691,development_extension
C-7161-01-LM6-005,H18,BRD-K09397065,0.041152263376923,0.041152263376923,BRD-K09397065|0.041152263376923001,development_extension
C-7161-01-LM6-005,H19,BRD-K09471561,10.000000000000002,10.000000000000002,BRD-K09471561|10.000000000000002,development_extension
C-7161-01-LM6-005,H20,BRD-K09471561,3.333333333330769,3.333333333330769,BRD-K09471561|3.3333333333307689,development_extension
C-7161-01-LM6-005,H21,BRD-K09471561,1.1111111111153846,1.1111111111153846,BRD-K09471561|1.1111111111153846,development_extension
C-7161-01-LM6-005,H22,BRD-K09471561,0.3703703703692307,0.3703703703692307,BRD-K09471561|0.37037037036923071,development_extension
C-7161-01-LM6-005,H23,BRD-K09471561,0.1234567901230769,0.1234567901230769,BRD-K09471561|0.12345679012307691,development_extension
C-7161-01-LM6-005,H24,BRD-K09471561,0.041152263376923,0.041152263376923,BRD-K09471561|0.041152263376923001,development_extension
C-7161-01-LM6-005,I07,BRD-K09549677,10.000000000000002,10.000000000000002,BRD-K09549677|10.000000000000002,development_extension
C-7161-01-LM6-005,I08,BRD-K09549677,3.333333333330769,3.333333333330769,BRD-K09549677|3.3333333333307689,development_extension
C-7161-01-LM6-005,I09,BRD-K09549677,1.1111111111153846,1.1111111111153846,BRD-K09549677|1.1111111111153846,development_extension
C-7161-01-LM6-005,I10,BRD-K09549677,0.3703703703692307,0.3703703703692307,BRD-K09549677|0.37037037036923071,development_extension
C-7161-01-LM6-005,I11,BRD-K09549677,0.1234567901230769,0.1234567901230769,BRD-K09549677|0.12345679012307691,development_extension
C-7161-01-LM6-005,I12,BRD-K09549677,0.041152263376923,0.041152263376923,BRD-K09549677|0.041152263376923001,development_extension
C-7161-01-LM6-005,I13,BRD-K09711437,10.000000000000002,10.000000000000002,BRD-K09711437|10.000000000000002,development_extension
C-7161-01-LM6-005,I14,BRD-K09711437,3.333333333330769,3.333333333330769,BRD-K09711437|3.3333333333307689,development_extension
C-7161-01-LM6-005,I15,BRD-K09711437,1.1111111111153846,1.1111111111153846,BRD-K09711437|1.1111111111153846,development_extension
C-7161-01-LM6-005,I16,BRD-K09711437,0.3703703703692307,0.3703703703692307,BRD-K09711437|0.37037037036923071,development_extension
C-7161-01-LM6-005,I17,BRD-K09711437,0.1234567901230769,0.1234567901230769,BRD-K09711437|0.12345679012307691,development_extension
C-7161-01-LM6-005,I18,BRD-K09711437,0.041152263376923,0.041152263376923,BRD-K09711437|0.041152263376923001,development_extension
C-7161-01-LM6-005,I19,BRD-K09951645,10.000000000000002,10.000000000000002,BRD-K09951645|10.000000000000002,development_extension
C-7161-01-LM6-005,I20,BRD-K09951645,3.333333333330769,3.333333333330769,BRD-K09951645|3.3333333333307689,development_extension
C-7161-01-LM6-005,I21,BRD-K09951645,1.1111111111153846,1.1111111111153846,BRD-K09951645|1.1111111111153846,development_extension
C-7161-01-LM6-005,I22,BRD-K09951645,0.3703703703692307,0.3703703703692307,BRD-K09951645|0.37037037036923071,development_extension
C-7161-01-LM6-005,I23,BRD-K09951645,0.1234567901230769,0.1234567901230769,BRD-K09951645|0.12345679012307691,development_extension
C-7161-01-LM6-005,I24,BRD-K09951645,0.041152263376923,0.041152263376923,BRD-K09951645|0.041152263376923001,development_extension
C-7161-01-LM6-005,J01,BRD-A09533288,10.000000000000002,10.000000000000002,BRD-A09533288|10.000000000000002,development_extension
C-7161-01-LM6-005,J02,BRD-A09533288,3.333333333330769,3.333333333330769,BRD-A09533288|3.3333333333307689,development_extension
C-7161-01-LM6-005,J03,BRD-A09533288,1.1111111111153846,1.1111111111153846,BRD-A09533288|1.1111111111153846,development_extension
C-7161-01-LM6-005,J04,BRD-A09533288,0.3703703703692307,0.3703703703692307,BRD-A09533288|0.37037037036923071,development_extension
C-7161-01-LM6-005,J05,BRD-A09533288,0.1234567901230769,0.1234567901230769,BRD-A09533288|0.12345679012307691,development_extension
C-7161-01-LM6-005,J06,BRD-A09533288,0.041152263376923,0.041152263376923,BRD-A09533288|0.041152263376923001,development_extension
C-7161-01-LM6-005,J07,BRD-K09602097,10.000000000000002,10.000000000000002,BRD-K09602097|10.000000000000002,development_extension
C-7161-01-LM6-005,J08,BRD-K09602097,3.333333333330769,3.333333333330769,BRD-K09602097|3.3333333333307689,development_extension
C-7161-01-LM6-005,J09,BRD-K09602097,1.1111111111153846,1.1111111111153846,BRD-K09602097|1.1111111111153846,development_extension
C-7161-01-LM6-005,J10,BRD-K09602097,0.3703703703692307,0.3703703703692307,BRD-K09602097|0.37037037036923071,development_extension
C-7161-01-LM6-005,J11,BRD-K09602097,0.1234567901230769,0.1234567901230769,BRD-K09602097|0.12345679012307691,development_extension
C-7161-01-LM6-005,J12,BRD-K09602097,0.041152263376923,0.041152263376923,BRD-K09602097|0.041152263376923001,development_extension
C-7161-01-LM6-005,K01,BRD-A10039652,10.000000000000002,10.000000000000002,BRD-A10039652|10.000000000000002,development_extension
C-7161-01-LM6-005,K02,BRD-A10039652,3.333333333330769,3.333333333330769,BRD-A10039652|3.3333333333307689,development_extension
C-7161-01-LM6-005,K03,BRD-A10039652,1.1111111111153846,1.1111111111153846,BRD-A10039652|1.1111111111153846,development_extension
C-7161-01-LM6-005,K04,BRD-A10039652,0.3703703703692307,0.3703703703692307,BRD-A10039652|0.37037037036923071,development_extension
C-7161-01-LM6-005,K05,BRD-A10039652,0.1234567901230769,0.1234567901230769,BRD-A10039652|0.12345679012307691,development_extension
C-7161-01-LM6-005,K06,BRD-A10039652,0.041152263376923,0.041152263376923,BRD-A10039652|0.041152263376923001,development_extension
C-7161-01-LM6-005,K13,BRD-K10843433,10.000000000000002,10.000000000000002,BRD-K10843433|10.000000000000002,development_extension
C-7161-01-LM6-005,K14,BRD-K10843433,3.333333333330769,3.333333333330769,BRD-K10843433|3.3333333333307689,development_extension
C-7161-01-LM6-005,K15,BRD-K10843433,1.1111111111153846,1.1111111111153846,BRD-K10843433|1.1111111111153846,development_extension
C-7161-01-LM6-005,K16,BRD-K10843433,0.3703703703692307,0.3703703703692307,BRD-K10843433|0.37037037036923071,development_extension
C-7161-01-LM6-005,K17,BRD-K10843433,0.1234567901230769,0.1234567901230769,BRD-K10843433|0.12345679012307691,development_extension
C-7161-01-LM6-005,K18,BRD-K10843433,0.041152263376923,0.041152263376923,BRD-K10843433|0.041152263376923001,development_extension
C-7161-01-LM6-005,K19,BRD-K10852020,10.000000000000002,10.000000000000002,BRD-K10852020|10.000000000000002,development_extension
C-7161-01-LM6-005,K20,BRD-K10852020,3.333333333330769,3.333333333330769,BRD-K10852020|3.3333333333307689,development_extension
C-7161-01-LM6-005,K21,BRD-K10852020,1.1111111111153846,1.1111111111153846,BRD-K10852020|1.1111111111153846,development_extension
C-7161-01-LM6-005,K22,BRD-K10852020,0.3703703703692307,0.3703703703692307,BRD-K10852020|0.37037037036923071,development_extension
C-7161-01-LM6-005,K23,BRD-K10852020,0.1234567901230769,0.1234567901230769,BRD-K10852020|0.12345679012307691,development_extension
C-7161-01-LM6-005,K24,BRD-K10852020,0.041152263376923,0.041152263376923,BRD-K10852020|0.041152263376923001,development_extension
C-7161-01-LM6-005,L01,BRD-A10070317,10.000000000000002,10.000000000000002,BRD-A10070317|10.000000000000002,smoke_extension
C-7161-01-LM6-005,L02,BRD-A10070317,3.333333333330769,3.333333333330769,BRD-A10070317|3.3333333333307689,smoke_extension
C-7161-01-LM6-005,L03,BRD-A10070317,1.1111111111153846,1.1111111111153846,BRD-A10070317|1.1111111111153846,smoke_extension
C-7161-01-LM6-005,L04,BRD-A10070317,0.3703703703692307,0.3703703703692307,BRD-A10070317|0.37037037036923071,smoke_extension
C-7161-01-LM6-005,L05,BRD-A10070317,0.1234567901230769,0.1234567901230769,BRD-A10070317|0.12345679012307691,smoke_extension
C-7161-01-LM6-005,L06,BRD-A10070317,0.041152263376923,0.041152263376923,BRD-A10070317|0.041152263376923001,smoke_extension
C-7161-01-LM6-005,L13,BRD-K10845183,10.000000000000002,10.000000000000002,BRD-K10845183|10.000000000000002,development_extension
C-7161-01-LM6-005,L14,BRD-K10845183,3.333333333330769,3.333333333330769,BRD-K10845183|3.3333333333307689,development_extension
C-7161-01-LM6-005,L15,BRD-K10845183,1.1111111111153846,1.1111111111153846,BRD-K10845183|1.1111111111153846,development_extension
C-7161-01-LM6-005,L16,BRD-K10845183,0.3703703703692307,0.3703703703692307,BRD-K10845183|0.37037037036923071,development_extension
C-7161-01-LM6-005,L17,BRD-K10845183,0.1234567901230769,0.1234567901230769,BRD-K10845183|0.12345679012307691,development_extension
C-7161-01-LM6-005,L18,BRD-K10845183,0.041152263376923,0.041152263376923,BRD-K10845183|0.041152263376923001,development_extension
C-7161-01-LM6-005,L19,BRD-K10859802,10.000000000000002,10.000000000000002,BRD-K10859802|10.000000000000002,development_extension
C-7161-01-LM6-005,L20,BRD-K10859802,3.333333333330769,3.333333333330769,BRD-K10859802|3.3333333333307689,development_extension
C-7161-01-LM6-005,L21,BRD-K10859802,1.1111111111153846,1.1111111111153846,BRD-K10859802|1.1111111111153846,development_extension
C-7161-01-LM6-005,L22,BRD-K10859802,0.3703703703692307,0.3703703703692307,BRD-K10859802|0.37037037036923071,development_extension
C-7161-01-LM6-005,L23,BRD-K10859802,0.1234567901230769,0.1234567901230769,BRD-K10859802|0.12345679012307691,development_extension
C-7161-01-LM6-005,L24,BRD-K10859802,0.041152263376923,0.041152263376923,BRD-K10859802|0.041152263376923001,development_extension
C-7161-01-LM6-005,M01,BRD-A10903566,10.000000000000002,10.000000000000002,BRD-A10903566|10.000000000000002,development_extension
C-7161-01-LM6-005,M02,BRD-A10903566,3.333333333330769,3.333333333330769,BRD-A10903566|3.3333333333307689,development_extension
C-7161-01-LM6-005,M03,BRD-A10903566,1.1111111111153846,1.1111111111153846,BRD-A10903566|1.1111111111153846,development_extension
C-7161-01-LM6-005,M04,BRD-A10903566,0.3703703703692307,0.3703703703692307,BRD-A10903566|0.37037037036923071,development_extension
C-7161-01-LM6-005,M05,BRD-A10903566,0.1234567901230769,0.1234567901230769,BRD-A10903566|0.12345679012307691,development_extension
C-7161-01-LM6-005,M06,BRD-A10903566,0.041152263376923,0.041152263376923,BRD-A10903566|0.041152263376923001,development_extension
C-7161-01-LM6-005,M13,BRD-K11071038,10.000000000000002,10.000000000000002,BRD-K11071038|10.000000000000002,development_extension
C-7161-01-LM6-005,M14,BRD-K11071038,3.333333333330769,3.333333333330769,BRD-K11071038|3.3333333333307689,development_extension
C-7161-01-LM6-005,M15,BRD-K11071038,1.1111111111153846,1.1111111111153846,BRD-K11071038|1.1111111111153846,development_extension
C-7161-01-LM6-005,M16,BRD-K11071038,0.3703703703692307,0.3703703703692307,BRD-K11071038|0.37037037036923071,development_extension
C-7161-01-LM6-005,M17,BRD-K11071038,0.1234567901230769,0.1234567901230769,BRD-K11071038|0.12345679012307691,development_extension
C-7161-01-LM6-005,M18,BRD-K11071038,0.041152263376923,0.041152263376923,BRD-K11071038|0.041152263376923001,development_extension
C-7161-01-LM6-005,N01,BRD-K10961822,10.000000000000002,10.000000000000002,BRD-K10961822|10.000000000000002,development_extension
C-7161-01-LM6-005,N02,BRD-K10961822,3.333333333330769,3.333333333330769,BRD-K10961822|3.3333333333307689,development_extension
C-7161-01-LM6-005,N03,BRD-K10961822,1.1111111111153846,1.1111111111153846,BRD-K10961822|1.1111111111153846,development_extension
C-7161-01-LM6-005,N04,BRD-K10961822,0.3703703703692307,0.3703703703692307,BRD-K10961822|0.37037037036923071,development_extension
C-7161-01-LM6-005,N05,BRD-K10961822,0.1234567901230769,0.1234567901230769,BRD-K10961822|0.12345679012307691,development_extension
C-7161-01-LM6-005,N06,BRD-K10961822,0.041152263376923,0.041152263376923,BRD-K10961822|0.041152263376923001,development_extension
C-7161-01-LM6-005,N19,BRD-K80738081,10.0,10.0,BRD-K80738081|10,development_extension
C-7161-01-LM6-005,N20,BRD-K80738081,3.333333333333333,3.333333333333333,BRD-K80738081|3.333333333333333,development_extension
C-7161-01-LM6-005,N21,BRD-K80738081,1.1111111111111112,1.1111111111111112,BRD-K80738081|1.1111111111111112,development_extension
C-7161-01-LM6-005,N22,BRD-K80738081,0.3703703703703703,0.3703703703703702,BRD-K80738081|0.37037037037037029,development_extension
C-7161-01-LM6-005,N23,BRD-K80738081,0.1234567901234567,0.1234567901234567,BRD-K80738081|0.1234567901234567,development_extension
C-7161-01-LM6-005,N24,BRD-K80738081,0.0411522633744856,0.0411522633744855,BRD-K80738081|0.041152263374485597,development_extension
C-7161-01-LM6-005,O13,BRD-A11319535,10.000000000000002,10.000000000000002,BRD-A11319535|10.000000000000002,development_extension
C-7161-01-LM6-005,O14,BRD-A11319535,3.333333333330769,3.333333333330769,BRD-A11319535|3.3333333333307689,development_extension
C-7161-01-LM6-005,O15,BRD-A11319535,1.1111111111153846,1.1111111111153846,BRD-A11319535|1.1111111111153846,development_extension
C-7161-01-LM6-005,O16,BRD-A11319535,0.3703703703692307,0.3703703703692307,BRD-A11319535|0.37037037036923071,development_extension
C-7161-01-LM6-005,O17,BRD-A11319535,0.1234567901230769,0.1234567901230769,BRD-A11319535|0.12345679012307691,development_extension
C-7161-01-LM6-005,O18,BRD-A11319535,0.041152263376923,0.041152263376923,BRD-A11319535|0.041152263376923001,development_extension
C-7161-01-LM6-005,P01,BRD-K11153516,10.000000000000002,10.000000000000002,BRD-K11153516|10.000000000000002,smoke_extension
C-7161-01-LM6-005,P02,BRD-K11153516,3.333333333330769,3.333333333330769,BRD-K11153516|3.3333333333307689,smoke_extension
C-7161-01-LM6-005,P03,BRD-K11153516,1.1111111111153846,1.1111111111153846,BRD-K11153516|1.1111111111153846,smoke_extension
C-7161-01-LM6-005,P04,BRD-K11153516,0.3703703703692307,0.3703703703692307,BRD-K11153516|0.37037037036923071,smoke_extension
C-7161-01-LM6-005,P05,BRD-K11153516,0.1234567901230769,0.1234567901230769,BRD-K11153516|0.12345679012307691,smoke_extension
C-7161-01-LM6-005,P06,BRD-K11153516,0.041152263376923,0.041152263376923,BRD-K11153516|0.041152263376923001,smoke_extension
C-7161-01-LM6-005,P07,BRD-K11267252,10.000000000000002,10.000000000000002,BRD-K11267252|10.000000000000002,development_extension
C-7161-01-LM6-005,P08,BRD-K11267252,3.333333333330769,3.333333333330769,BRD-K11267252|3.3333333333307689,development_extension
C-7161-01-LM6-005,P09,BRD-K11267252,1.1111111111153846,1.1111111111153846,BRD-K11267252|1.1111111111153846,development_extension
C-7161-01-LM6-005,P10,BRD-K11267252,0.3703703703692307,0.3703703703692307,BRD-K11267252|0.37037037036923071,development_extension
C-7161-01-LM6-005,P11,BRD-K11267252,0.1234567901230769,0.1234567901230769,BRD-K11267252|0.12345679012307691,development_extension
C-7161-01-LM6-005,P12,BRD-K11267252,0.041152263376923,0.041152263376923,BRD-K11267252|0.041152263376923001,development_extension
C-7161-01-LM6-005,P19,BRD-K11717138,10.000000000000002,10.000000000000002,BRD-K11717138|10.000000000000002,smoke_extension
C-7161-01-LM6-005,P20,BRD-K11717138,3.333333333330769,3.333333333330769,BRD-K11717138|3.3333333333307689,smoke_extension
C-7161-01-LM6-005,P21,BRD-K11717138,1.1111111111153846,1.1111111111153846,BRD-K11717138|1.1111111111153846,smoke_extension
C-7161-01-LM6-005,P22,BRD-K11717138,0.3703703703692307,0.3703703703692307,BRD-K11717138|0.37037037036923071,smoke_extension
C-7161-01-LM6-005,P23,BRD-K11717138,0.1234567901230769,0.1234567901230769,BRD-K11717138|0.12345679012307691,smoke_extension
C-7161-01-LM6-005,P24,BRD-K11717138,0.041152263376923,0.041152263376923,BRD-K11717138|0.041152263376923001,smoke_extension
C-7161-01-LM6-006,A13,BRD-K18922609,10.000000000000002,10.000000000000002,BRD-K18922609|10.000000000000002,development_extension
C-7161-01-LM6-006,A14,BRD-K18922609,3.333333333330769,3.333333333330769,BRD-K18922609|3.3333333333307689,development_extension
C-7161-01-LM6-006,A15,BRD-K18922609,1.1111111111153846,1.1111111111153846,BRD-K18922609|1.1111111111153846,development_extension
C-7161-01-LM6-006,A16,BRD-K18922609,0.3703703703692307,0.3703703703692307,BRD-K18922609|0.37037037036923071,development_extension
C-7161-01-LM6-006,A17,BRD-K18922609,0.1234567901230769,0.1234567901230769,BRD-K18922609|0.12345679012307691,development_extension
C-7161-01-LM6-006,A18,BRD-K18922609,0.041152263376923,0.041152263376923,BRD-K18922609|0.041152263376923001,development_extension
C-7161-01-LM6-006,A19,BRD-K19061412,10.000000000000002,10.000000000000002,BRD-K19061412|10.000000000000002,development_extension
C-7161-01-LM6-006,A20,BRD-K19061412,3.333333333330769,3.333333333330769,BRD-K19061412|3.3333333333307689,development_extension
C-7161-01-LM6-006,A21,BRD-K19061412,1.1111111111153846,1.1111111111153846,BRD-K19061412|1.1111111111153846,development_extension
C-7161-01-LM6-006,A22,BRD-K19061412,0.3703703703692307,0.3703703703692307,BRD-K19061412|0.37037037036923071,development_extension
C-7161-01-LM6-006,A23,BRD-K19061412,0.1234567901230769,0.1234567901230769,BRD-K19061412|0.12345679012307691,development_extension
C-7161-01-LM6-006,A24,BRD-K19061412,0.041152263376923,0.041152263376923,BRD-K19061412|0.041152263376923001,development_extension
C-7161-01-LM6-006,B07,BRD-A18917088,10.000000000000002,10.000000000000002,BRD-A18917088|10.000000000000002,development_extension
C-7161-01-LM6-006,B08,BRD-A18917088,3.333333333330769,3.333333333330769,BRD-A18917088|3.3333333333307689,development_extension
C-7161-01-LM6-006,B09,BRD-A18917088,1.1111111111153846,1.1111111111153846,BRD-A18917088|1.1111111111153846,development_extension
C-7161-01-LM6-006,B10,BRD-A18917088,0.3703703703692307,0.3703703703692307,BRD-A18917088|0.37037037036923071,development_extension
C-7161-01-LM6-006,B11,BRD-A18917088,0.1234567901230769,0.1234567901230769,BRD-A18917088|0.12345679012307691,development_extension
C-7161-01-LM6-006,B12,BRD-A18917088,0.041152263376923,0.041152263376923,BRD-A18917088|0.041152263376923001,development_extension
C-7161-01-LM6-006,B13,BRD-K18961567,10.000000000000002,10.000000000000002,BRD-K18961567|10.000000000000002,development_extension
C-7161-01-LM6-006,B14,BRD-K18961567,3.333333333330769,3.333333333330769,BRD-K18961567|3.3333333333307689,development_extension
C-7161-01-LM6-006,B15,BRD-K18961567,1.1111111111153846,1.1111111111153846,BRD-K18961567|1.1111111111153846,development_extension
C-7161-01-LM6-006,B16,BRD-K18961567,0.3703703703692307,0.3703703703692307,BRD-K18961567|0.37037037036923071,development_extension
C-7161-01-LM6-006,B17,BRD-K18961567,0.1234567901230769,0.1234567901230769,BRD-K18961567|0.12345679012307691,development_extension
C-7161-01-LM6-006,B18,BRD-K18961567,0.041152263376923,0.041152263376923,BRD-K18961567|0.041152263376923001,development_extension
C-7161-01-LM6-006,B19,BRD-K19085898,10.000000000000002,10.000000000000002,BRD-K19085898|10.000000000000002,development_extension
C-7161-01-LM6-006,B20,BRD-K19085898,3.333333333330769,3.333333333330769,BRD-K19085898|3.3333333333307689,development_extension
C-7161-01-LM6-006,B21,BRD-K19085898,1.1111111111153846,1.1111111111153846,BRD-K19085898|1.1111111111153846,development_extension
C-7161-01-LM6-006,B22,BRD-K19085898,0.3703703703692307,0.3703703703692307,BRD-K19085898|0.37037037036923071,development_extension
C-7161-01-LM6-006,B23,BRD-K19085898,0.1234567901230769,0.1234567901230769,BRD-K19085898|0.12345679012307691,development_extension
C-7161-01-LM6-006,B24,BRD-K19085898,0.041152263376923,0.041152263376923,BRD-K19085898|0.041152263376923001,development_extension
C-7161-01-LM6-006,C01,BRD-K19412355,10.000000000000002,10.000000000000002,BRD-K19412355|10.000000000000002,development_extension
C-7161-01-LM6-006,C02,BRD-K19412355,3.333333333330769,3.333333333330769,BRD-K19412355|3.3333333333307689,development_extension
C-7161-01-LM6-006,C03,BRD-K19412355,1.1111111111153846,1.1111111111153846,BRD-K19412355|1.1111111111153846,development_extension
C-7161-01-LM6-006,C04,BRD-K19412355,0.3703703703692307,0.3703703703692307,BRD-K19412355|0.37037037036923071,development_extension
C-7161-01-LM6-006,C05,BRD-K19412355,0.1234567901230769,0.1234567901230769,BRD-K19412355|0.12345679012307691,development_extension
C-7161-01-LM6-006,C06,BRD-K19412355,0.041152263376923,0.041152263376923,BRD-K19412355|0.041152263376923001,development_extension
C-7161-01-LM6-006,D01,BRD-K19416115,10.000000000000002,10.000000000000002,BRD-K19416115|10.000000000000002,development_extension
C-7161-01-LM6-006,D02,BRD-K19416115,3.333333333330769,3.333333333330769,BRD-K19416115|3.3333333333307689,development_extension
C-7161-01-LM6-006,D03,BRD-K19416115,1.1111111111153846,1.1111111111153846,BRD-K19416115|1.1111111111153846,development_extension
C-7161-01-LM6-006,D04,BRD-K19416115,0.3703703703692307,0.3703703703692307,BRD-K19416115|0.37037037036923071,development_extension
C-7161-01-LM6-006,D05,BRD-K19416115,0.1234567901230769,0.1234567901230769,BRD-K19416115|0.12345679012307691,development_extension
C-7161-01-LM6-006,D06,BRD-K19416115,0.041152263376923,0.041152263376923,BRD-K19416115|0.041152263376923001,development_extension
C-7161-01-LM6-006,D13,BRD-K19477839,10.000000000000002,10.000000000000002,BRD-K19477839|10.000000000000002,development_extension
C-7161-01-LM6-006,D14,BRD-K19477839,3.333333333330769,3.333333333330769,BRD-K19477839|3.3333333333307689,development_extension
C-7161-01-LM6-006,D15,BRD-K19477839,1.1111111111153846,1.1111111111153846,BRD-K19477839|1.1111111111153846,development_extension
C-7161-01-LM6-006,D16,BRD-K19477839,0.3703703703692307,0.3703703703692307,BRD-K19477839|0.37037037036923071,development_extension
C-7161-01-LM6-006,D17,BRD-K19477839,0.1234567901230769,0.1234567901230769,BRD-K19477839|0.12345679012307691,development_extension
C-7161-01-LM6-006,D18,BRD-K19477839,0.041152263376923,0.041152263376923,BRD-K19477839|0.041152263376923001,development_extension
C-7161-01-LM6-006,D19,BRD-K53972329,10.000000000000002,10.000000000000002,BRD-K53972329|10.000000000000002,development_extension
C-7161-01-LM6-006,D20,BRD-K53972329,3.333333333330769,3.333333333330769,BRD-K53972329|3.3333333333307689,development_extension
C-7161-01-LM6-006,D21,BRD-K53972329,1.1111111111153846,1.1111111111153846,BRD-K53972329|1.1111111111153846,development_extension
C-7161-01-LM6-006,D22,BRD-K53972329,0.3703703703692307,0.3703703703692307,BRD-K53972329|0.37037037036923071,development_extension
C-7161-01-LM6-006,D23,BRD-K53972329,0.1234567901230769,0.1234567901230769,BRD-K53972329|0.12345679012307691,development_extension
C-7161-01-LM6-006,D24,BRD-K53972329,0.041152263376923,0.041152263376923,BRD-K53972329|0.041152263376923001,development_extension
C-7161-01-LM6-006,E01,BRD-K19741547,10.000000000000002,10.000000000000002,BRD-K19741547|10.000000000000002,development_extension
C-7161-01-LM6-006,E02,BRD-K19741547,3.333333333330769,3.333333333330769,BRD-K19741547|3.3333333333307689,development_extension
C-7161-01-LM6-006,E03,BRD-K19741547,1.1111111111153846,1.1111111111153846,BRD-K19741547|1.1111111111153846,development_extension
C-7161-01-LM6-006,E04,BRD-K19741547,0.3703703703692307,0.3703703703692307,BRD-K19741547|0.37037037036923071,development_extension
C-7161-01-LM6-006,E05,BRD-K19741547,0.1234567901230769,0.1234567901230769,BRD-K19741547|0.12345679012307691,development_extension
C-7161-01-LM6-006,E06,BRD-K19741547,0.041152263376923,0.041152263376923,BRD-K19741547|0.041152263376923001,development_extension
C-7161-01-LM6-006,E07,BRD-A19795905,10.000000000000002,10.000000000000002,BRD-A19795905|10.000000000000002,smoke_extension
C-7161-01-LM6-006,E08,BRD-A19795905,3.333333333330769,3.333333333330769,BRD-A19795905|3.3333333333307689,smoke_extension
C-7161-01-LM6-006,E09,BRD-A19795905,1.1111111111153846,1.1111111111153846,BRD-A19795905|1.1111111111153846,smoke_extension
C-7161-01-LM6-006,E10,BRD-A19795905,0.3703703703692307,0.3703703703692307,BRD-A19795905|0.37037037036923071,smoke_extension
C-7161-01-LM6-006,E11,BRD-A19795905,0.1234567901230769,0.1234567901230769,BRD-A19795905|0.12345679012307691,smoke_extension
C-7161-01-LM6-006,E12,BRD-A19795905,0.041152263376923,0.041152263376923,BRD-A19795905|0.041152263376923001,smoke_extension
C-7161-01-LM6-006,E13,BRD-A19952358,10.000000000000002,10.000000000000002,BRD-A19952358|10.000000000000002,development_extension
C-7161-01-LM6-006,E14,BRD-A19952358,3.333333333330769,3.333333333330769,BRD-A19952358|3.3333333333307689,development_extension
C-7161-01-LM6-006,E15,BRD-A19952358,1.1111111111153846,1.1111111111153846,BRD-A19952358|1.1111111111153846,development_extension
C-7161-01-LM6-006,E16,BRD-A19952358,0.3703703703692307,0.3703703703692307,BRD-A19952358|0.37037037036923071,development_extension
C-7161-01-LM6-006,E17,BRD-A19952358,0.1234567901230769,0.1234567901230769,BRD-A19952358|0.12345679012307691,development_extension
C-7161-01-LM6-006,E18,BRD-A19952358,0.041152263376923,0.041152263376923,BRD-A19952358|0.041152263376923001,development_extension
C-7161-01-LM6-006,F19,BRD-K20079257,10.000000000000002,10.000000000000002,BRD-K20079257|10.000000000000002,development_extension
C-7161-01-LM6-006,F20,BRD-K20079257,3.333333333330769,3.333333333330769,BRD-K20079257|3.3333333333307689,development_extension
C-7161-01-LM6-006,F21,BRD-K20079257,1.1111111111153846,1.1111111111153846,BRD-K20079257|1.1111111111153846,development_extension
C-7161-01-LM6-006,F22,BRD-K20079257,0.3703703703692307,0.3703703703692307,BRD-K20079257|0.37037037036923071,development_extension
C-7161-01-LM6-006,F23,BRD-K20079257,0.1234567901230769,0.1234567901230769,BRD-K20079257|0.12345679012307691,development_extension
C-7161-01-LM6-006,F24,BRD-K20079257,0.041152263376923,0.041152263376923,BRD-K20079257|0.041152263376923001,development_extension
C-7161-01-LM6-006,G01,BRD-K20722021,10.000000000000002,10.000000000000002,BRD-K20722021|10.000000000000002,development_extension
C-7161-01-LM6-006,G02,BRD-K20722021,3.333333333330769,3.333333333330769,BRD-K20722021|3.3333333333307689,development_extension
C-7161-01-LM6-006,G03,BRD-K20722021,1.1111111111153846,1.1111111111153846,BRD-K20722021|1.1111111111153846,development_extension
C-7161-01-LM6-006,G04,BRD-K20722021,0.3703703703692307,0.3703703703692307,BRD-K20722021|0.37037037036923071,development_extension
C-7161-01-LM6-006,G05,BRD-K20722021,0.1234567901230769,0.1234567901230769,BRD-K20722021|0.12345679012307691,development_extension
C-7161-01-LM6-006,G06,BRD-K20722021,0.041152263376923,0.041152263376923,BRD-K20722021|0.041152263376923001,development_extension
C-7161-01-LM6-006,G07,BRD-K20745393,10.000000000000002,10.000000000000002,BRD-K20745393|10.000000000000002,development_extension
C-7161-01-LM6-006,G08,BRD-K20745393,3.333333333330769,3.333333333330769,BRD-K20745393|3.3333333333307689,development_extension
C-7161-01-LM6-006,G09,BRD-K20745393,1.1111111111153846,1.1111111111153846,BRD-K20745393|1.1111111111153846,development_extension
C-7161-01-LM6-006,G10,BRD-K20745393,0.3703703703692307,0.3703703703692307,BRD-K20745393|0.37037037036923071,development_extension
C-7161-01-LM6-006,G11,BRD-K20745393,0.1234567901230769,0.1234567901230769,BRD-K20745393|0.12345679012307691,development_extension
C-7161-01-LM6-006,G12,BRD-K20745393,0.041152263376923,0.041152263376923,BRD-K20745393|0.041152263376923001,development_extension
C-7161-01-LM6-006,G19,BRD-K21071223,10.000000000000002,10.000000000000002,BRD-K21071223|10.000000000000002,development_extension
C-7161-01-LM6-006,G20,BRD-K21071223,3.333333333333333,3.333333333333333,BRD-K21071223|3.333333333333333,development_extension
C-7161-01-LM6-006,G21,BRD-K21071223,1.1111111111111112,1.1111111111111112,BRD-K21071223|1.1111111111111112,development_extension
C-7161-01-LM6-006,G22,BRD-K21071223,0.3703703703703703,0.3703703703703702,BRD-K21071223|0.37037037037037029,development_extension
C-7161-01-LM6-006,G23,BRD-K21071223,0.1234567901234567,0.1234567901234567,BRD-K21071223|0.1234567901234567,development_extension
C-7161-01-LM6-006,G24,BRD-K21071223,0.0411522633744856,0.0411522633744855,BRD-K21071223|0.041152263374485597,development_extension
C-7161-01-LM6-006,H01,BRD-K20738689,10.0,10.0,BRD-K20738689|10,development_extension
C-7161-01-LM6-006,H02,BRD-K20738689,3.333333333333333,3.333333333333333,BRD-K20738689|3.333333333333333,development_extension
C-7161-01-LM6-006,H03,BRD-K20738689,1.1111111111111112,1.1111111111111112,BRD-K20738689|1.1111111111111112,development_extension
C-7161-01-LM6-006,H04,BRD-K20738689,0.3703703703703703,0.3703703703703702,BRD-K20738689|0.37037037037037029,development_extension
C-7161-01-LM6-006,H05,BRD-K20738689,0.1234567901234568,0.1234567901234568,BRD-K20738689|0.1234567901234568,development_extension
C-7161-01-LM6-006,H06,BRD-K20738689,0.0411522633744855,0.0411522633744855,BRD-K20738689|0.0411522633744855,development_extension
C-7161-01-LM6-006,H07,BRD-K20897876,10.000000000000002,10.000000000000002,BRD-K20897876|10.000000000000002,development_extension
C-7161-01-LM6-006,H08,BRD-K20897876,3.333333333330769,3.333333333330769,BRD-K20897876|3.3333333333307689,development_extension
C-7161-01-LM6-006,H09,BRD-K20897876,1.1111111111153846,1.1111111111153846,BRD-K20897876|1.1111111111153846,development_extension
C-7161-01-LM6-006,H10,BRD-K20897876,0.3703703703692307,0.3703703703692307,BRD-K20897876|0.37037037036923071,development_extension
C-7161-01-LM6-006,H11,BRD-K20897876,0.1234567901230769,0.1234567901230769,BRD-K20897876|0.12345679012307691,development_extension
C-7161-01-LM6-006,H12,BRD-K20897876,0.041152263376923,0.041152263376923,BRD-K20897876|0.041152263376923001,development_extension
C-7161-01-LM6-006,H19,BRD-K21283037,10.000000000000002,10.000000000000002,BRD-K21283037|10.000000000000002,development_extension
C-7161-01-LM6-006,H20,BRD-K21283037,3.333333333330769,3.333333333330769,BRD-K21283037|3.3333333333307689,development_extension
C-7161-01-LM6-006,H21,BRD-K21283037,1.1111111111153846,1.1111111111153846,BRD-K21283037|1.1111111111153846,development_extension
C-7161-01-LM6-006,H22,BRD-K21283037,0.3703703703692307,0.3703703703692307,BRD-K21283037|0.37037037036923071,development_extension
C-7161-01-LM6-006,H23,BRD-K21283037,0.1234567901230769,0.1234567901230769,BRD-K21283037|0.12345679012307691,development_extension
C-7161-01-LM6-006,H24,BRD-K21283037,0.041152263376923,0.041152263376923,BRD-K21283037|0.041152263376923001,development_extension
C-7161-01-LM6-006,I01,BRD-K21547160,10.000000000000002,10.000000000000002,BRD-K21547160|10.000000000000002,development_extension
C-7161-01-LM6-006,I02,BRD-K21547160,3.333333333330769,3.333333333330769,BRD-K21547160|3.3333333333307689,development_extension
C-7161-01-LM6-006,I03,BRD-K21547160,1.1111111111153846,1.1111111111153846,BRD-K21547160|1.1111111111153846,development_extension
C-7161-01-LM6-006,I04,BRD-K21547160,0.3703703703692307,0.3703703703692307,BRD-K21547160|0.37037037036923071,development_extension
C-7161-01-LM6-006,I05,BRD-K21547160,0.1234567901230769,0.1234567901230769,BRD-K21547160|0.12345679012307691,development_extension
C-7161-01-LM6-006,I06,BRD-K21547160,0.041152263376923,0.041152263376923,BRD-K21547160|0.041152263376923001,development_extension
C-7161-01-LM6-006,I07,BRD-A21607826,10.000000000000002,10.000000000000002,BRD-A21607826|10.000000000000002,development_extension
C-7161-01-LM6-006,I08,BRD-A21607826,3.333333333330769,3.333333333330769,BRD-A21607826|3.3333333333307689,development_extension
C-7161-01-LM6-006,I09,BRD-A21607826,1.1111111111153846,1.1111111111153846,BRD-A21607826|1.1111111111153846,development_extension
C-7161-01-LM6-006,I10,BRD-A21607826,0.3703703703692307,0.3703703703692307,BRD-A21607826|0.37037037036923071,development_extension
C-7161-01-LM6-006,I11,BRD-A21607826,0.1234567901230769,0.1234567901230769,BRD-A21607826|0.12345679012307691,development_extension
C-7161-01-LM6-006,I12,BRD-A21607826,0.041152263376923,0.041152263376923,BRD-A21607826|0.041152263376923001,development_extension
C-7161-01-LM6-006,I13,BRD-K21680192,10.000000000000002,10.000000000000002,BRD-K21680192|10.000000000000002,development_extension
C-7161-01-LM6-006,I14,BRD-K21680192,3.333333333330769,3.333333333330769,BRD-K21680192|3.3333333333307689,development_extension
C-7161-01-LM6-006,I15,BRD-K21680192,1.1111111111153846,1.1111111111153846,BRD-K21680192|1.1111111111153846,development_extension
C-7161-01-LM6-006,I16,BRD-K21680192,0.3703703703692307,0.3703703703692307,BRD-K21680192|0.37037037036923071,development_extension
C-7161-01-LM6-006,I17,BRD-K21680192,0.1234567901230769,0.1234567901230769,BRD-K21680192|0.12345679012307691,development_extension
C-7161-01-LM6-006,I18,BRD-K21680192,0.041152263376923,0.041152263376923,BRD-K21680192|0.041152263376923001,development_extension
C-7161-01-LM6-006,I19,BRD-A21858158,10.000000000000002,10.000000000000002,BRD-A21858158|10.000000000000002,development_extension
C-7161-01-LM6-006,I20,BRD-A21858158,3.333333333330769,3.333333333330769,BRD-A21858158|3.3333333333307689,development_extension
C-7161-01-LM6-006,I21,BRD-A21858158,1.1111111111153846,1.1111111111153846,BRD-A21858158|1.1111111111153846,development_extension
C-7161-01-LM6-006,I22,BRD-A21858158,0.3703703703692307,0.3703703703692307,BRD-A21858158|0.37037037036923071,development_extension
C-7161-01-LM6-006,I23,BRD-A21858158,0.1234567901230769,0.1234567901230769,BRD-A21858158|0.12345679012307691,development_extension
C-7161-01-LM6-006,I24,BRD-A21858158,0.041152263376923,0.041152263376923,BRD-A21858158|0.041152263376923001,development_extension
C-7161-01-LM6-006,J01,BRD-K21548250,10.000000000000002,10.000000000000002,BRD-K21548250|10.000000000000002,development_extension
C-7161-01-LM6-006,J02,BRD-K21548250,3.333333333330769,3.333333333330769,BRD-K21548250|3.3333333333307689,development_extension
C-7161-01-LM6-006,J03,BRD-K21548250,1.1111111111153846,1.1111111111153846,BRD-K21548250|1.1111111111153846,development_extension
C-7161-01-LM6-006,J04,BRD-K21548250,0.3703703703692307,0.3703703703692307,BRD-K21548250|0.37037037036923071,development_extension
C-7161-01-LM6-006,J05,BRD-K21548250,0.1234567901230769,0.1234567901230769,BRD-K21548250|0.12345679012307691,development_extension
C-7161-01-LM6-006,J06,BRD-K21548250,0.041152263376923,0.041152263376923,BRD-K21548250|0.041152263376923001,development_extension
C-7161-01-LM6-006,J07,BRD-K21670884,10.0,10.0,BRD-K21670884|10,smoke_extension
C-7161-01-LM6-006,J08,BRD-K21670884,3.333333333333333,3.333333333333333,BRD-K21670884|3.333333333333333,smoke_extension
C-7161-01-LM6-006,J09,BRD-K21670884,1.1111111111111112,1.1111111111111112,BRD-K21670884|1.1111111111111112,smoke_extension
C-7161-01-LM6-006,J10,BRD-K21670884,0.3703703703703703,0.3703703703703702,BRD-K21670884|0.37037037037037029,smoke_extension
C-7161-01-LM6-006,J11,BRD-K21670884,0.1234567901234567,0.1234567901234567,BRD-K21670884|0.1234567901234567,smoke_extension
C-7161-01-LM6-006,J12,BRD-K21670884,0.0411522633744855,0.0411522633744855,BRD-K21670884|0.0411522633744855,smoke_extension
C-7161-01-LM6-006,J19,BRD-K21884483,10.000000000000002,10.000000000000002,BRD-K21884483|10.000000000000002,smoke_extension
C-7161-01-LM6-006,J20,BRD-K21884483,3.333333333330769,3.333333333330769,BRD-K21884483|3.3333333333307689,smoke_extension
C-7161-01-LM6-006,J21,BRD-K21884483,1.1111111111153846,1.1111111111153846,BRD-K21884483|1.1111111111153846,smoke_extension
C-7161-01-LM6-006,J22,BRD-K21884483,0.3703703703692307,0.3703703703692307,BRD-K21884483|0.37037037036923071,smoke_extension
C-7161-01-LM6-006,J23,BRD-K21884483,0.1234567901230769,0.1234567901230769,BRD-K21884483|0.12345679012307691,smoke_extension
C-7161-01-LM6-006,J24,BRD-K21884483,0.041152263376923,0.041152263376923,BRD-K21884483|0.041152263376923001,smoke_extension
C-7161-01-LM6-006,K01,BRD-A22081593,10.000000000000002,10.000000000000002,BRD-A22081593|10.000000000000002,development_extension
C-7161-01-LM6-006,K02,BRD-A22081593,3.333333333330769,3.333333333330769,BRD-A22081593|3.3333333333307689,development_extension
C-7161-01-LM6-006,K03,BRD-A22081593,1.1111111111153846,1.1111111111153846,BRD-A22081593|1.1111111111153846,development_extension
C-7161-01-LM6-006,K04,BRD-A22081593,0.3703703703692307,0.3703703703692307,BRD-A22081593|0.37037037036923071,development_extension
C-7161-01-LM6-006,K05,BRD-A22081593,0.1234567901230769,0.1234567901230769,BRD-A22081593|0.12345679012307691,development_extension
C-7161-01-LM6-006,K06,BRD-A22081593,0.041152263376923,0.041152263376923,BRD-A22081593|0.041152263376923001,development_extension
C-7161-01-LM6-006,K19,BRD-A22642447,10.000000000000002,10.000000000000002,BRD-A22642447|10.000000000000002,smoke_extension
C-7161-01-LM6-006,K20,BRD-A22642447,3.333333333330769,3.333333333330769,BRD-A22642447|3.3333333333307689,smoke_extension
C-7161-01-LM6-006,K21,BRD-A22642447,1.1111111111153846,1.1111111111153846,BRD-A22642447|1.1111111111153846,smoke_extension
C-7161-01-LM6-006,K22,BRD-A22642447,0.3703703703692307,0.3703703703692307,BRD-A22642447|0.37037037036923071,smoke_extension
C-7161-01-LM6-006,K23,BRD-A22642447,0.1234567901230769,0.1234567901230769,BRD-A22642447|0.12345679012307691,smoke_extension
C-7161-01-LM6-006,K24,BRD-A22642447,0.041152263376923,0.041152263376923,BRD-A22642447|0.041152263376923001,smoke_extension
C-7161-01-LM6-006,L01,BRD-K22097830,10.000000000000002,10.000000000000002,BRD-K22097830|10.000000000000002,development_extension
C-7161-01-LM6-006,L02,BRD-K22097830,3.333333333333333,3.333333333333333,BRD-K22097830|3.333333333333333,development_extension
C-7161-01-LM6-006,L03,BRD-K22097830,1.1111111111111112,1.1111111111111112,BRD-K22097830|1.1111111111111112,development_extension
C-7161-01-LM6-006,L04,BRD-K22097830,0.3703703703703703,0.3703703703703702,BRD-K22097830|0.37037037037037029,development_extension
C-7161-01-LM6-006,L05,BRD-K22097830,0.1234567901234568,0.1234567901234568,BRD-K22097830|0.1234567901234568,development_extension
C-7161-01-LM6-006,L06,BRD-K22097830,0.0411522633744856,0.0411522633744855,BRD-K22097830|0.041152263374485597,development_extension
C-7161-01-LM6-006,L07,BRD-A22305049,10.000000000000002,10.000000000000002,BRD-A22305049|10.000000000000002,development_extension
C-7161-01-LM6-006,L08,BRD-A22305049,3.333333333330769,3.333333333330769,BRD-A22305049|3.3333333333307689,development_extension
C-7161-01-LM6-006,L09,BRD-A22305049,1.1111111111153846,1.1111111111153846,BRD-A22305049|1.1111111111153846,development_extension
C-7161-01-LM6-006,L10,BRD-A22305049,0.3703703703692307,0.3703703703692307,BRD-A22305049|0.37037037036923071,development_extension
C-7161-01-LM6-006,L11,BRD-A22305049,0.1234567901230769,0.1234567901230769,BRD-A22305049|0.12345679012307691,development_extension
C-7161-01-LM6-006,L12,BRD-A22305049,0.041152263376923,0.041152263376923,BRD-A22305049|0.041152263376923001,development_extension
C-7161-01-LM6-006,L19,BRD-K22662435,10.000000000000002,10.000000000000002,BRD-K22662435|10.000000000000002,smoke_extension
C-7161-01-LM6-006,L20,BRD-K22662435,3.333333333330769,3.333333333330769,BRD-K22662435|3.3333333333307689,smoke_extension
C-7161-01-LM6-006,L21,BRD-K22662435,1.1111111111153846,1.1111111111153846,BRD-K22662435|1.1111111111153846,smoke_extension
C-7161-01-LM6-006,L22,BRD-K22662435,0.3703703703692307,0.3703703703692307,BRD-K22662435|0.37037037036923071,smoke_extension
C-7161-01-LM6-006,L23,BRD-K22662435,0.1234567901230769,0.1234567901230769,BRD-K22662435|0.12345679012307691,smoke_extension
C-7161-01-LM6-006,L24,BRD-K22662435,0.041152263376923,0.041152263376923,BRD-K22662435|0.041152263376923001,smoke_extension
C-7161-01-LM6-006,M01,BRD-K22861715,10.000000000000002,10.000000000000002,BRD-K22861715|10.000000000000002,development_extension
C-7161-01-LM6-006,M02,BRD-K22861715,3.333333333330769,3.333333333330769,BRD-K22861715|3.3333333333307689,development_extension
C-7161-01-LM6-006,M03,BRD-K22861715,1.1111111111153846,1.1111111111153846,BRD-K22861715|1.1111111111153846,development_extension
C-7161-01-LM6-006,M04,BRD-K22861715,0.3703703703692307,0.3703703703692307,BRD-K22861715|0.37037037036923071,development_extension
C-7161-01-LM6-006,M05,BRD-K22861715,0.1234567901230769,0.1234567901230769,BRD-K22861715|0.12345679012307691,development_extension
C-7161-01-LM6-006,M06,BRD-K22861715,0.041152263376923,0.041152263376923,BRD-K22861715|0.041152263376923001,development_extension
C-7161-01-LM6-006,M19,BRD-K23204545,10.000000000000002,10.000000000000002,BRD-K23204545|10.000000000000002,development_extension
C-7161-01-LM6-006,M20,BRD-K23204545,3.333333333330769,3.333333333330769,BRD-K23204545|3.3333333333307689,development_extension
C-7161-01-LM6-006,M21,BRD-K23204545,1.1111111111153846,1.1111111111153846,BRD-K23204545|1.1111111111153846,development_extension
C-7161-01-LM6-006,M22,BRD-K23204545,0.3703703703692307,0.3703703703692307,BRD-K23204545|0.37037037036923071,development_extension
C-7161-01-LM6-006,M23,BRD-K23204545,0.1234567901230769,0.1234567901230769,BRD-K23204545|0.12345679012307691,development_extension
C-7161-01-LM6-006,M24,BRD-K23204545,0.041152263376923,0.041152263376923,BRD-K23204545|0.041152263376923001,development_extension
C-7161-01-LM6-006,N13,BRD-K23190681,10.000000000000002,10.000000000000002,BRD-K23190681|10.000000000000002,development_extension
C-7161-01-LM6-006,N14,BRD-K23190681,3.333333333330769,3.333333333330769,BRD-K23190681|3.3333333333307689,development_extension
C-7161-01-LM6-006,N15,BRD-K23190681,1.1111111111153846,1.1111111111153846,BRD-K23190681|1.1111111111153846,development_extension
C-7161-01-LM6-006,N16,BRD-K23190681,0.3703703703692307,0.3703703703692307,BRD-K23190681|0.37037037036923071,development_extension
C-7161-01-LM6-006,N17,BRD-K23190681,0.1234567901230769,0.1234567901230769,BRD-K23190681|0.12345679012307691,development_extension
C-7161-01-LM6-006,N18,BRD-K23190681,0.041152263376923,0.041152263376923,BRD-K23190681|0.041152263376923001,development_extension
C-7161-01-LM6-006,O13,BRD-A02710418,10.000000000000002,10.000000000000002,BRD-A02710418|10.000000000000002,development_extension
C-7161-01-LM6-006,O14,BRD-A02710418,3.333333333330769,3.333333333330769,BRD-A02710418|3.3333333333307689,development_extension
C-7161-01-LM6-006,O15,BRD-A02710418,1.1111111111153846,1.1111111111153846,BRD-A02710418|1.1111111111153846,development_extension
C-7161-01-LM6-006,O16,BRD-A02710418,0.3703703703692307,0.3703703703692307,BRD-A02710418|0.37037037036923071,development_extension
C-7161-01-LM6-006,O17,BRD-A02710418,0.1234567901230769,0.1234567901230769,BRD-A02710418|0.12345679012307691,development_extension
C-7161-01-LM6-006,O18,BRD-A02710418,0.041152263376923,0.041152263376923,BRD-A02710418|0.041152263376923001,development_extension
C-7161-01-LM6-006,P07,BRD-K24219278,10.000000000000002,10.000000000000002,BRD-K24219278|10.000000000000002,development_extension
C-7161-01-LM6-006,P08,BRD-K24219278,3.333333333330769,3.333333333330769,BRD-K24219278|3.3333333333307689,development_extension
C-7161-01-LM6-006,P09,BRD-K24219278,1.1111111111153846,1.1111111111153846,BRD-K24219278|1.1111111111153846,development_extension
C-7161-01-LM6-006,P10,BRD-K24219278,0.3703703703692307,0.3703703703692307,BRD-K24219278|0.37037037036923071,development_extension
C-7161-01-LM6-006,P11,BRD-K24219278,0.1234567901230769,0.1234567901230769,BRD-K24219278|0.12345679012307691,development_extension
C-7161-01-LM6-006,P12,BRD-K24219278,0.041152263376923,0.041152263376923,BRD-K24219278|0.041152263376923001,development_extension
