plate_map_name,well_position,broad_id,dose,dose_key,condition,split
C-7161-01-LM6-001,A07,BRD-K25114078,10.000000000000002,10.000000000000002,BRD-K25114078|10.000000000000002,development
C-7161-01-LM6-001,A08,BRD-K25114078,3.333333333330769,3.3333333333307689,BRD-K25114078|3.3333333333307689,development
C-7161-01-LM6-001,A09,BRD-K25114078,1.1111111111153846,1.1111111111153846,BRD-K25114078|1.1111111111153846,development
C-7161-01-LM6-001,A10,BRD-K25114078,0.3703703703692307,0.37037037036923071,BRD-K25114078|0.37037037036923071,development
C-7161-01-LM6-001,A11,BRD-K25114078,0.1234567901230769,0.12345679012307691,BRD-K25114078|0.12345679012307691,development
C-7161-01-LM6-001,A12,BRD-K25114078,0.041152263376923,0.041152263376923001,BRD-K25114078|0.041152263376923001,development
C-7161-01-LM6-001,A13,BRD-K25204779,10.000000000000002,10.000000000000002,BRD-K25204779|10.000000000000002,development
C-7161-01-LM6-001,A14,BRD-K25204779,3.333333333330769,3.3333333333307689,BRD-K25204779|3.3333333333307689,development
C-7161-01-LM6-001,A15,BRD-K25204779,1.1111111111153846,1.1111111111153846,BRD-K25204779|1.1111111111153846,development
C-7161-01-LM6-001,A16,BRD-K25204779,0.3703703703692307,0.37037037036923071,BRD-K25204779|0.37037037036923071,development
C-7161-01-LM6-001,A17,BRD-K25204779,0.1234567901230769,0.12345679012307691,BRD-K25204779|0.12345679012307691,development
C-7161-01-LM6-001,A18,BRD-K25204779,0.041152263376923,0.041152263376923001,BRD-K25204779|0.041152263376923001,development
C-7161-01-LM6-001,A19,BRD-K25361343,10.000000000000002,10.000000000000002,BRD-K25361343|10.000000000000002,development
C-7161-01-LM6-001,A20,BRD-K25361343,3.333333333330769,3.3333333333307689,BRD-K25361343|3.3333333333307689,development
C-7161-01-LM6-001,A21,BRD-K25361343,1.1111111111153846,1.1111111111153846,BRD-K25361343|1.1111111111153846,development
C-7161-01-LM6-001,A22,BRD-K25361343,0.3703703703692307,0.37037037036923071,BRD-K25361343|0.37037037036923071,development
C-7161-01-LM6-001,A23,BRD-K25361343,0.1234567901230769,0.12345679012307691,BRD-K25361343|0.12345679012307691,development
C-7161-01-LM6-001,A24,BRD-K25361343,0.041152263376923,0.041152263376923001,BRD-K25361343|0.041152263376923001,development
C-7161-01-LM6-001,B07,BRD-K25140590,10.000000000000002,10.000000000000002,BRD-K25140590|10.000000000000002,quarantine
C-7161-01-LM6-001,B08,BRD-K25140590,3.333333333330769,3.3333333333307689,BRD-K25140590|3.3333333333307689,quarantine
C-7161-01-LM6-001,B09,BRD-K25140590,1.1111111111153846,1.1111111111153846,BRD-K25140590|1.1111111111153846,quarantine
C-7161-01-LM6-001,B10,BRD-K25140590,0.3703703703692307,0.37037037036923071,BRD-K25140590|0.37037037036923071,quarantine
C-7161-01-LM6-001,B11,BRD-K25140590,0.1234567901230769,0.12345679012307691,BRD-K25140590|0.12345679012307691,quarantine
C-7161-01-LM6-001,B12,BRD-K25140590,0.041152263376923,0.041152263376923001,BRD-K25140590|0.041152263376923001,quarantine
C-7161-01-LM6-001,B13,BRD-A25234499,10.000000000000002,10.000000000000002,BRD-A25234499|10.000000000000002,quarantine
C-7161-01-LM6-001,B14,BRD-A25234499,3.333333333330769,3.3333333333307689,BRD-A25234499|3.3333333333307689,quarantine
C-7161-01-LM6-001,B15,BRD-A25234499,1.1111111111153846,1.1111111111153846,BRD-A25234499|1.1111111111153846,quarantine
C-7161-01-LM6-001,B16,BRD-A25234499,0.3703703703692307,0.37037037036923071,BRD-A25234499|0.37037037036923071,quarantine
C-7161-01-LM6-001,B17,BRD-A25234499,0.1234567901230769,0.12345679012307691,BRD-A25234499|0.12345679012307691,quarantine
C-7161-01-LM6-001,B18,BRD-A25234499,0.041152263376923,0.041152263376923001,BRD-A25234499|0.041152263376923001,quarantine
C-7161-01-LM6-001,B19,BRD-K25394294,10.000000000000002,10.000000000000002,BRD-K25394294|10.000000000000002,quarantine
C-7161-01-LM6-001,B20,BRD-K25394294,3.333333333330769,3.3333333333307689,BRD-K25394294|3.3333333333307689,quarantine
C-7161-01-LM6-001,B21,BRD-K25394294,1.1111111111153846,1.1111111111153846,BRD-K25394294|1.1111111111153846,quarantine
C-7161-01-LM6-001,B22,BRD-K25394294,0.3703703703692307,0.37037037036923071,BRD-K25394294|0.37037037036923071,quarantine
C-7161-01-LM6-001,B23,BRD-K25394294,0.1234567901230769,0.12345679012307691,BRD-K25394294|0.12345679012307691,quarantine
C-7161-01-LM6-001,B24,BRD-K25394294,0.041152263376923,0.041152263376923001,BRD-K25394294|0.041152263376923001,quarantine
C-7161-01-LM6-001,C01,BRD-K25650355,10.000000000000002,10.000000000000002,BRD-K25650355|10.000000000000002,development
C-7161-01-LM6-001,C02,BRD-K25650355,3.333333333330769,3.3333333333307689,BRD-K25650355|3.3333333333307689,development
C-7161-01-LM6-001,C03,BRD-K25650355,1.1111111111153846,1.1111111111153846,BRD-K25650355|1.1111111111153846,development
C-7161-01-LM6-001,C04,BRD-K25650355,0.3703703703692307,0.37037037036923071,BRD-K25650355|0.37037037036923071,development
C-7161-01-LM6-001,C05,BRD-K25650355,0.1234567901230769,0.12345679012307691,BRD-K25650355|0.12345679012307691,development
C-7161-01-LM6-001,C06,BRD-K25650355,0.041152263376923,0.041152263376923001,BRD-K25650355|0.041152263376923001,development
C-7161-01-LM6-001,C07,BRD-K25943794,10.000000000000002,10.000000000000002,BRD-K25943794|10.000000000000002,development
C-7161-01-LM6-001,C08,BRD-K25943794,3.333333333330769,3.3333333333307689,BRD-K25943794|3.3333333333307689,development
C-7161-01-LM6-001,C09,BRD-K25943794,1.1111111111153846,1.1111111111153846,BRD-K25943794|1.1111111111153846,development
C-7161-01-LM6-001,C10,BRD-K25943794,0.3703703703692307,0.37037037036923071,BRD-K25943794|0.37037037036923071,development
C-7161-01-LM6-001,C11,BRD-K25943794,0.1234567901230769,0.12345679012307691,BRD-K25943794|0.12345679012307691,development
C-7161-01-LM6-001,C12,BRD-K25943794,0.041152263376923,0.041152263376923001,BRD-K25943794|0.041152263376923001,development
C-7161-01-LM6-001,C13,BRD-A26032986,10.000000000000002,10.000000000000002,BRD-A26032986|10.000000000000002,development
C-7161-01-LM6-001,C14,BRD-A26032986,3.333333333330769,3.3333333333307689,BRD-A26032986|3.3333333333307689,development
C-7161-01-LM6-001,C15,BRD-A26032986,1.1111111111153846,1.1111111111153846,BRD-A26032986|1.1111111111153846,development
C-7161-01-LM6-001,C16,BRD-A26032986,0.3703703703692307,0.37037037036923071,BRD-A26032986|0.37037037036923071,development
C-7161-01-LM6-001,C17,BRD-A26032986,0.1234567901230769,0.12345679012307691,BRD-A26032986|0.12345679012307691,development
C-7161-01-LM6-001,C18,BRD-A26032986,0.041152263376923,0.041152263376923001,BRD-A26032986|0.041152263376923001,development
C-7161-01-LM6-001,C19,BRD-K50691590,19.999844661400687,19.999844661400687,BRD-K50691590|19.999844661400687,quarantine
C-7161-01-LM6-001,D01,BRD-K25837718,10.000000000000002,10.000000000000002,BRD-K25837718|10.000000000000002,quarantine
C-7161-01-LM6-001,D02,BRD-K25837718,3.333333333330769,3.3333333333307689,BRD-K25837718|3.3333333333307689,quarantine
C-7161-01-LM6-001,D03,BRD-K25837718,1.1111111111153846,1.1111111111153846,BRD-K25837718|1.1111111111153846,quarantine
C-7161-01-LM6-001,D04,BRD-K25837718,0.3703703703692307,0.37037037036923071,BRD-K25837718|0.37037037036923071,quarantine
C-7161-01-LM6-001,D05,BRD-K25837718,0.1234567901230769,0.12345679012307691,BRD-K25837718|0.12345679012307691,quarantine
C-7161-01-LM6-001,D06,BRD-K25837718,0.041152263376923,0.041152263376923001,BRD-K25837718|0.041152263376923001,quarantine
C-7161-01-LM6-001,D07,BRD-K26011976,10.000000000000002,10.000000000000002,BRD-K26011976|10.000000000000002,quarantine
C-7161-01-LM6-001,D08,BRD-K26011976,3.333333333330769,3.3333333333307689,BRD-K26011976|3.3333333333307689,quarantine
C-7161-01-LM6-001,D09,BRD-K26011976,1.1111111111153846,1.1111111111153846,BRD-K26011976|1.1111111111153846,quarantine
C-7161-01-LM6-001,D10,BRD-K26011976,0.3703703703692307,0.37037037036923071,BRD-K26011976|0.37037037036923071,quarantine
C-7161-01-LM6-001,D11,BRD-K26011976,0.1234567901230769,0.12345679012307691,BRD-K26011976|0.12345679012307691,quarantine
C-7161-01-LM6-001,D12,BRD-K26011976,0.041152263376923,0.041152263376923001,BRD-K26011976|0.041152263376923001,quarantine
C-7161-01-LM6-001,D13,BRD-A26095496,10.000000000000002,10.000000000000002,BRD-A26095496|10.000000000000002,development
C-7161-01-LM6-001,D14,BRD-A26095496,3.333333333330769,3.3333333333307689,BRD-A26095496|3.3333333333307689,development
C-7161-01-LM6-001,D15,BRD-A26095496,1.1111111111153846,1.1111111111153846,BRD-A26095496|1.1111111111153846,development
C-7161-01-LM6-001,D16,BRD-A26095496,0.3703703703692307,0.37037037036923071,BRD-A26095496|0.37037037036923071,development
C-7161-01-LM6-001,D17,BRD-A26095496,0.1234567901230769,0.12345679012307691,BRD-A26095496|0.12345679012307691,development
C-7161-01-LM6-001,D18,BRD-A26095496,0.041152263376923,0.041152263376923001,BRD-A26095496|0.041152263376923001,development
C-7161-01-LM6-001,D19,BRD-A26334849,10.000000000000002,10.000000000000002,BRD-A26334849|10.000000000000002,development
C-7161-01-LM6-001,D20,BRD-A26334849,3.333333333330769,3.3333333333307689,BRD-A26334849|3.3333333333307689,development
C-7161-01-LM6-001,D21,BRD-A26334849,1.1111111111153846,1.1111111111153846,BRD-A26334849|1.1111111111153846,development
C-7161-01-LM6-001,D22,BRD-A26334849,0.3703703703692307,0.37037037036923071,BRD-A26334849|0.37037037036923071,development
C-7161-01-LM6-001,D23,BRD-A26334849,0.1234567901230769,0.12345679012307691,BRD-A26334849|0.12345679012307691,development
C-7161-01-LM6-001,D24,BRD-A26334849,0.041152263376923,0.041152263376923001,BRD-A26334849|0.041152263376923001,development
C-7161-01-LM6-001,E01,BRD-K26603252,10.000000000000002,10.000000000000002,BRD-K26603252|10.000000000000002,quarantine
C-7161-01-LM6-001,E02,BRD-K26603252,3.333333333330769,3.3333333333307689,BRD-K26603252|3.3333333333307689,quarantine
C-7161-01-LM6-001,E03,BRD-K26603252,1.1111111111153846,1.1111111111153846,BRD-K26603252|1.1111111111153846,quarantine
C-7161-01-LM6-001,E04,BRD-K26603252,0.3703703703692307,0.37037037036923071,BRD-K26603252|0.37037037036923071,quarantine
C-7161-01-LM6-001,E05,BRD-K26603252,0.1234567901230769,0.12345679012307691,BRD-K26603252|0.12345679012307691,quarantine
C-7161-01-LM6-001,E06,BRD-K26603252,0.041152263376923,0.041152263376923001,BRD-K26603252|0.041152263376923001,quarantine
C-7161-01-LM6-001,E07,BRD-K26657438,10.000000000000002,10.000000000000002,BRD-K26657438|10.000000000000002,development
C-7161-01-LM6-001,E08,BRD-K26657438,3.333333333330769,3.3333333333307689,BRD-K26657438|3.3333333333307689,development
C-7161-01-LM6-001,E09,BRD-K26657438,1.1111111111153846,1.1111111111153846,BRD-K26657438|1.1111111111153846,development
C-7161-01-LM6-001,E10,BRD-K26657438,0.3703703703692307,0.37037037036923071,BRD-K26657438|0.37037037036923071,development
C-7161-01-LM6-001,E11,BRD-K26657438,0.1234567901230769,0.12345679012307691,BRD-K26657438|0.12345679012307691,development
C-7161-01-LM6-001,E12,BRD-K26657438,0.041152263376923,0.041152263376923001,BRD-K26657438|0.041152263376923001,development
C-7161-01-LM6-001,E13,BRD-A26690767,10.000000000000002,10.000000000000002,BRD-A26690767|10.000000000000002,development
C-7161-01-LM6-001,E14,BRD-A26690767,3.333333333330769,3.3333333333307689,BRD-A26690767|3.3333333333307689,development
C-7161-01-LM6-001,E15,BRD-A26690767,1.1111111111153846,1.1111111111153846,BRD-A26690767|1.1111111111153846,development
C-7161-01-LM6-001,E16,BRD-A26690767,0.3703703703692307,0.37037037036923071,BRD-A26690767|0.37037037036923071,development
C-7161-01-LM6-001,E17,BRD-A26690767,0.1234567901230769,0.12345679012307691,BRD-A26690767|0.12345679012307691,development
C-7161-01-LM6-001,E18,BRD-A26690767,0.041152263376923,0.041152263376923001,BRD-A26690767|0.041152263376923001,development
C-7161-01-LM6-001,E19,BRD-A26711594,10.000000000000002,10.000000000000002,BRD-A26711594|10.000000000000002,development
C-7161-01-LM6-001,E20,BRD-A26711594,3.333333333330769,3.3333333333307689,BRD-A26711594|3.3333333333307689,development
C-7161-01-LM6-001,E21,BRD-A26711594,1.1111111111153846,1.1111111111153846,BRD-A26711594|1.1111111111153846,development
C-7161-01-LM6-001,E22,BRD-A26711594,0.3703703703692307,0.37037037036923071,BRD-A26711594|0.37037037036923071,development
C-7161-01-LM6-001,E23,BRD-A26711594,0.1234567901230769,0.12345679012307691,BRD-A26711594|0.12345679012307691,development
C-7161-01-LM6-001,E24,BRD-A26711594,0.041152263376923,0.041152263376923001,BRD-A26711594|0.041152263376923001,development
C-7161-01-LM6-001,F01,BRD-K26619122,10.000000000000002,10.000000000000002,BRD-K26619122|10.000000000000002,development
C-7161-01-LM6-001,F02,BRD-K26619122,3.333333333330769,3.3333333333307689,BRD-K26619122|3.3333333333307689,development
C-7161-01-LM6-001,F03,BRD-K26619122,1.1111111111153846,1.1111111111153846,BRD-K26619122|1.1111111111153846,development
C-7161-01-LM6-001,F04,BRD-K26619122,0.3703703703692307,0.37037037036923071,BRD-K26619122|0.37037037036923071,development
C-7161-01-LM6-001,F05,BRD-K26619122,0.1234567901230769,0.12345679012307691,BRD-K26619122|0.12345679012307691,development
C-7161-01-LM6-001,F06,BRD-K26619122,0.041152263376923,0.041152263376923001,BRD-K26619122|0.041152263376923001,development
C-7161-01-LM6-001,F13,BRD-K26701552,10.000000000000002,10.000000000000002,BRD-K26701552|10.000000000000002,quarantine
C-7161-01-LM6-001,F14,BRD-K26701552,3.333333333330769,3.3333333333307689,BRD-K26701552|3.3333333333307689,quarantine
C-7161-01-LM6-001,F15,BRD-K26701552,1.1111111111153846,1.1111111111153846,BRD-K26701552|1.1111111111153846,quarantine
C-7161-01-LM6-001,F16,BRD-K26701552,0.3703703703692307,0.37037037036923071,BRD-K26701552|0.37037037036923071,quarantine
C-7161-01-LM6-001,F17,BRD-K26701552,0.1234567901230769,0.12345679012307691,BRD-K26701552|0.12345679012307691,quarantine
C-7161-01-LM6-001,F18,BRD-K26701552,0.041152263376923,0.041152263376923001,BRD-K26701552|0.041152263376923001,quarantine
C-7161-01-LM6-001,F19,BRD-K26712974,10.000000000000002,10.000000000000002,BRD-K26712974|10.000000000000002,development
C-7161-01-LM6-001,F20,BRD-K26712974,3.333333333330769,3.3333333333307689,BRD-K26712974|3.3333333333307689,development
C-7161-01-LM6-001,F21,BRD-K26712974,1.1111111111153846,1.1111111111153846,BRD-K26712974|1.1111111111153846,development
C-7161-01-LM6-001,F22,BRD-K26712974,0.3703703703692307,0.37037037036923071,BRD-K26712974|0.37037037036923071,development
C-7161-01-LM6-001,F23,BRD-K26712974,0.1234567901230769,0.12345679012307691,BRD-K26712974|0.12345679012307691,development
C-7161-01-LM6-001,F24,BRD-K26712974,0.041152263376923,0.041152263376923001,BRD-K26712974|0.041152263376923001,development
C-7161-01-LM6-001,G01,BRD-A27376179,10.000000000000002,10.000000000000002,BRD-A27376179|10.000000000000002,development
C-7161-01-LM6-001,G02,BRD-A27376179,3.333333333333333,3.333333333333333,BRD-A27376179|3.333333333333333,development
C-7161-01-LM6-001,G03,BRD-A27376179,1.1111111111111112,1.1111111111111112,BRD-A27376179|1.1111111111111112,development
C-7161-01-LM6-001,G04,BRD-A27376179,0.3703703703703703,0.37037037037037029,BRD-A27376179|0.37037037037037029,development
C-7161-01-LM6-001,G05,BRD-A27376179,0.1234567901234567,0.1234567901234567,BRD-A27376179|0.1234567901234567,development
C-7161-01-LM6-001,G06,BRD-A27376179,0.0411522633744855,0.0411522633744855,BRD-A27376179|0.0411522633744855,development
C-7161-01-LM6-001,G07,BRD-K27938825,10.000000000000002,10.000000000000002,BRD-K27938825|10.000000000000002,development
C-7161-01-LM6-001,G08,BRD-K27938825,3.333333333330769,3.3333333333307689,BRD-K27938825|3.3333333333307689,development
C-7161-01-LM6-001,G09,BRD-K27938825,1.1111111111153846,1.1111111111153846,BRD-K27938825|1.1111111111153846,development
C-7161-01-LM6-001,G10,BRD-K27938825,0.3703703703692307,0.37037037036923071,BRD-K27938825|0.37037037036923071,development
C-7161-01-LM6-001,G11,BRD-K27938825,0.1234567901230769,0.12345679012307691,BRD-K27938825|0.12345679012307691,development
C-7161-01-LM6-001,G12,BRD-K27938825,0.041152263376923,0.041152263376923001,BRD-K27938825|0.041152263376923001,development
C-7161-01-LM6-001,G19,BRD-K28183345,10.000000000000002,10.000000000000002,BRD-K28183345|10.000000000000002,quarantine
C-7161-01-LM6-001,G20,BRD-K28183345,3.333333333330769,3.3333333333307689,BRD-K28183345|3.3333333333307689,quarantine
C-7161-01-LM6-001,G21,BRD-K28183345,1.1111111111153846,1.1111111111153846,BRD-K28183345|1.1111111111153846,quarantine
C-7161-01-LM6-001,G22,BRD-K28183345,0.3703703703692307,0.37037037036923071,BRD-K28183345|0.37037037036923071,quarantine
C-7161-01-LM6-001,G23,BRD-K28183345,0.1234567901230769,0.12345679012307691,BRD-K28183345|0.12345679012307691,quarantine
C-7161-01-LM6-001,G24,BRD-K28183345,0.041152263376923,0.041152263376923001,BRD-K28183345|0.041152263376923001,quarantine
C-7161-01-LM6-001,H01,BRD-A27732521,10.000000000000002,10.000000000000002,BRD-A27732521|10.000000000000002,development
C-7161-01-LM6-001,H02,BRD-A27732521,3.333333333330769,3.3333333333307689,BRD-A27732521|3.3333333333307689,development
C-7161-01-LM6-001,H03,BRD-A27732521,1.1111111111153846,1.1111111111153846,BRD-A27732521|1.1111111111153846,development
C-7161-01-LM6-001,H04,BRD-A27732521,0.3703703703692307,0.37037037036923071,BRD-A27732521|0.37037037036923071,development
C-7161-01-LM6-001,H05,BRD-A27732521,0.1234567901230769,0.12345679012307691,BRD-A27732521|0.12345679012307691,development
C-7161-01-LM6-001,H06,BRD-A27732521,0.041152263376923,0.041152263376923001,BRD-A27732521|0.041152263376923001,development
C-7161-01-LM6-001,H07,BRD-K27955832,10.000000000000002,10.000000000000002,BRD-K27955832|10.000000000000002,development
C-7161-01-LM6-001,H08,BRD-K27955832,3.333333333330769,3.3333333333307689,BRD-K27955832|3.3333333333307689,development
C-7161-01-LM6-001,H09,BRD-K27955832,1.1111111111153846,1.1111111111153846,BRD-K27955832|1.1111111111153846,development
C-7161-01-LM6-001,H10,BRD-K27955832,0.3703703703692307,0.37037037036923071,BRD-K27955832|0.37037037036923071,development
C-7161-01-LM6-001,H11,BRD-K27955832,0.1234567901230769,0.12345679012307691,BRD-K27955832|0.12345679012307691,development
C-7161-01-LM6-001,H12,BRD-K27955832,0.041152263376923,0.041152263376923001,BRD-K27955832|0.041152263376923001,development
C-7161-01-LM6-001,H13,BRD-K28143534,10.000000000000002,10.000000000000002,BRD-K28143534|10.000000000000002,development
C-7161-01-LM6-001,H14,BRD-K28143534,3.333333333330769,3.3333333333307689,BRD-K28143534|3.3333333333307689,development
C-7161-01-LM6-001,H15,BRD-K28143534,1.1111111111153846,1.1111111111153846,BRD-K28143534|1.1111111111153846,development
C-7161-01-LM6-001,H16,BRD-K28143534,0.3703703703692307,0.37037037036923071,BRD-K28143534|0.37037037036923071,development
C-7161-01-LM6-001,H17,BRD-K28143534,0.1234567901230769,0.12345679012307691,BRD-K28143534|0.12345679012307691,development
C-7161-01-LM6-001,H18,BRD-K28143534,0.041152263376923,0.041152263376923001,BRD-K28143534|0.041152263376923001,development
C-7161-01-LM6-001,H19,BRD-K28217197,10.000000000000002,10.000000000000002,BRD-K28217197|10.000000000000002,development
C-7161-01-LM6-001,H20,BRD-K28217197,3.333333333330769,3.3333333333307689,BRD-K28217197|3.3333333333307689,development
C-7161-01-LM6-001,H21,BRD-K28217197,1.1111111111153846,1.1111111111153846,BRD-K28217197|1.1111111111153846,development
C-7161-01-LM6-001,H22,BRD-K28217197,0.3703703703692307,0.37037037036923071,BRD-K28217197|0.37037037036923071,development
C-7161-01-LM6-001,H23,BRD-K28217197,0.1234567901230769,0.12345679012307691,BRD-K28217197|0.12345679012307691,development
C-7161-01-LM6-001,H24,BRD-K28217197,0.041152263376923,0.041152263376923001,BRD-K28217197|0.041152263376923001,development
C-7161-01-LM6-001,I01,BRD-A28467416,10.000000000000002,10.000000000000002,BRD-A28467416|10.000000000000002,quarantine
C-7161-01-LM6-001,I02,BRD-A28467416,3.333333333333333,3.333333333333333,BRD-A28467416|3.333333333333333,quarantine
C-7161-01-LM6-001,I03,BRD-A28467416,1.1111111111111112,1.1111111111111112,BRD-A28467416|1.1111111111111112,quarantine
C-7161-01-LM6-001,I04,BRD-A28467416,0.3703703703703703,0.37037037037037029,BRD-A28467416|0.37037037037037029,quarantine
C-7161-01-LM6-001,I05,BRD-A28467416,0.1234567901234567,0.1234567901234567,BRD-A28467416|0.1234567901234567,quarantine
C-7161-01-LM6-001,I06,BRD-A28467416,0.0411522633744855,0.0411522633744855,BRD-A28467416|0.0411522633744855,quarantine
C-7161-01-LM6-001,I07,BRD-A28545468,10.000000000000002,10.000000000000002,BRD-A28545468|10.000000000000002,development
C-7161-01-LM6-001,I08,BRD-A28545468,3.333333333330769,3.3333333333307689,BRD-A28545468|3.3333333333307689,development
C-7161-01-LM6-001,I09,BRD-A28545468,1.1111111111153846,1.1111111111153846,BRD-A28545468|1.1111111111153846,development
C-7161-01-LM6-001,I10,BRD-A28545468,0.3703703703692307,0.37037037036923071,BRD-A28545468|0.37037037036923071,development
C-7161-01-LM6-001,I11,BRD-A28545468,0.1234567901230769,0.12345679012307691,BRD-A28545468|0.12345679012307691,development
C-7161-01-LM6-001,I12,BRD-A28545468,0.041152263376923,0.041152263376923001,BRD-A28545468|0.041152263376923001,development
C-7161-01-LM6-001,I13,BRD-K28731095,10.000000000000002,10.000000000000002,BRD-K28731095|10.000000000000002,development
C-7161-01-LM6-001,I14,BRD-K28731095,3.333333333330769,3.3333333333307689,BRD-K28731095|3.3333333333307689,development
C-7161-01-LM6-001,I15,BRD-K28731095,1.1111111111153846,1.1111111111153846,BRD-K28731095|1.1111111111153846,development
C-7161-01-LM6-001,I16,BRD-K28731095,0.3703703703692307,0.37037037036923071,BRD-K28731095|0.37037037036923071,development
C-7161-01-LM6-001,I17,BRD-K28731095,0.1234567901230769,0.12345679012307691,BRD-K28731095|0.12345679012307691,development
C-7161-01-LM6-001,I18,BRD-K28731095,0.041152263376923,0.041152263376923001,BRD-K28731095|0.041152263376923001,development
C-7161-01-LM6-001,I19,BRD-K28761891,10.000000000000002,10.000000000000002,BRD-K28761891|10.000000000000002,development
C-7161-01-LM6-001,I20,BRD-K28761891,3.333333333330769,3.3333333333307689,BRD-K28761891|3.3333333333307689,development
C-7161-01-LM6-001,I21,BRD-K28761891,1.1111111111153846,1.1111111111153846,BRD-K28761891|1.1111111111153846,development
C-7161-01-LM6-001,I22,BRD-K28761891,0.3703703703692307,0.37037037036923071,BRD-K28761891|0.37037037036923071,development
C-7161-01-LM6-001,I23,BRD-K28761891,0.1234567901230769,0.12345679012307691,BRD-K28761891|0.12345679012307691,development
C-7161-01-LM6-001,I24,BRD-K28761891,0.041152263376923,0.041152263376923001,BRD-K28761891|0.041152263376923001,development
C-7161-01-LM6-001,J01,BRD-K28542495,10.000000000000002,10.000000000000002,BRD-K28542495|10.000000000000002,development
C-7161-01-LM6-001,J02,BRD-K28542495,3.333333333330769,3.3333333333307689,BRD-K28542495|3.3333333333307689,development
C-7161-01-LM6-001,J03,BRD-K28542495,1.1111111111153846,1.1111111111153846,BRD-K28542495|1.1111111111153846,development
C-7161-01-LM6-001,J04,BRD-K28542495,0.3703703703692307,0.37037037036923071,BRD-K28542495|0.37037037036923071,development
C-7161-01-LM6-001,J05,BRD-K28542495,0.1234567901230769,0.12345679012307691,BRD-K28542495|0.12345679012307691,development
C-7161-01-LM6-001,J06,BRD-K28542495,0.041152263376923,0.041152263376923001,BRD-K28542495|0.041152263376923001,development
C-7161-01-LM6-001,J07,BRD-K28667793,10.000000000000002,10.000000000000002,BRD-K28667793|10.000000000000002,development
C-7161-01-LM6-001,J08,BRD-K28667793,3.333333333330769,3.3333333333307689,BRD-K28667793|3.3333333333307689,development
C-7161-01-LM6-001,J09,BRD-K28667793,1.1111111111153846,1.1111111111153846,BRD-K28667793|1.1111111111153846,development
C-7161-01-LM6-001,J10,BRD-K28667793,0.3703703703692307,0.37037037036923071,BRD-K28667793|0.37037037036923071,development
C-7161-01-LM6-001,J11,BRD-K28667793,0.1234567901230769,0.12345679012307691,BRD-K28667793|0.12345679012307691,development
C-7161-01-LM6-001,J12,BRD-K28667793,0.041152263376923,0.041152263376923001,BRD-K28667793|0.041152263376923001,development
C-7161-01-LM6-001,J19,BRD-A28787076,10.000000000000002,10.000000000000002,BRD-A28787076|10.000000000000002,development
C-7161-01-LM6-001,J20,BRD-A28787076,3.333333333330769,3.3333333333307689,BRD-A28787076|3.3333333333307689,development
C-7161-01-LM6-001,J21,BRD-A28787076,1.1111111111153846,1.1111111111153846,BRD-A28787076|1.1111111111153846,development
C-7161-01-LM6-001,J22,BRD-A28787076,0.3703703703692307,0.37037037036923071,BRD-A28787076|0.37037037036923071,development
C-7161-01-LM6-001,J23,BRD-A28787076,0.1234567901230769,0.12345679012307691,BRD-A28787076|0.12345679012307691,development
C-7161-01-LM6-001,J24,BRD-A28787076,0.041152263376923,0.041152263376923001,BRD-A28787076|0.041152263376923001,development
C-7161-01-LM6-001,K01,BRD-K28971625,10.000000000000002,10.000000000000002,BRD-K28971625|10.000000000000002,development
C-7161-01-LM6-001,K02,BRD-K28971625,3.333333333330769,3.3333333333307689,BRD-K28971625|3.3333333333307689,development
C-7161-01-LM6-001,K03,BRD-K28971625,1.1111111111153846,1.1111111111153846,BRD-K28971625|1.1111111111153846,development
C-7161-01-LM6-001,K04,BRD-K28971625,0.3703703703692307,0.37037037036923071,BRD-K28971625|0.37037037036923071,development
C-7161-01-LM6-001,K05,BRD-K28971625,0.1234567901230769,0.12345679012307691,BRD-K28971625|0.12345679012307691,development
C-7161-01-LM6-001,K06,BRD-K28971625,0.041152263376923,0.041152263376923001,BRD-K28971625|0.041152263376923001,development
C-7161-01-LM6-001,K07,BRD-K60230970,19.999125353643073,19.999125353643073,BRD-K60230970|19.999125353643073,development
C-7161-01-LM6-001,K13,BRD-A29289453,10.000000000000002,10.000000000000002,BRD-A29289453|10.000000000000002,quarantine
C-7161-01-LM6-001,K14,BRD-A29289453,3.333333333330769,3.3333333333307689,BRD-A29289453|3.3333333333307689,quarantine
C-7161-01-LM6-001,K15,BRD-A29289453,1.1111111111153846,1.1111111111153846,BRD-A29289453|1.1111111111153846,quarantine
C-7161-01-LM6-001,K16,BRD-A29289453,0.3703703703692307,0.37037037036923071,BRD-A29289453|0.37037037036923071,quarantine
C-7161-01-LM6-001,K17,BRD-A29289453,0.1234567901230769,0.12345679012307691,BRD-A29289453|0.12345679012307691,quarantine
C-7161-01-LM6-001,K18,BRD-A29289453,0.041152263376923,0.041152263376923001,BRD-A29289453|0.041152263376923001,quarantine
C-7161-01-LM6-001,K19,BRD-K29322660,10.000000000000002,10.000000000000002,BRD-K29322660|10.000000000000002,development
C-7161-01-LM6-001,K20,BRD-K29322660,3.333333333330769,3.3333333333307689,BRD-K29322660|3.3333333333307689,development
C-7161-01-LM6-001,K21,BRD-K29322660,1.1111111111153846,1.1111111111153846,BRD-K29322660|1.1111111111153846,development
C-7161-01-LM6-001,K22,BRD-K29322660,0.3703703703692307,0.37037037036923071,BRD-K29322660|0.37037037036923071,development
C-7161-01-LM6-001,K23,BRD-K29322660,0.1234567901230769,0.12345679012307691,BRD-K29322660|0.12345679012307691,development
C-7161-01-LM6-001,K24,BRD-K29322660,0.041152263376923,0.041152263376923001,BRD-K29322660|0.041152263376923001,development
C-7161-01-LM6-001,L01,BRD-K28984613,10.000000000000002,10.000000000000002,BRD-K28984613|10.000000000000002,development
C-7161-01-LM6-001,L02,BRD-K28984613,3.333333333330769,3.3333333333307689,BRD-K28984613|3.3333333333307689,development
C-7161-01-LM6-001,L03,BRD-K28984613,1.1111111111153846,1.1111111111153846,BRD-K28984613|1.1111111111153846,development
C-7161-01-LM6-001,L04,BRD-K28984613,0.3703703703692307,0.37037037036923071,BRD-K28984613|0.37037037036923071,development
C-7161-01-LM6-001,L05,BRD-K28984613,0.1234567901230769,0.12345679012307691,BRD-K28984613|0.12345679012307691,development
C-7161-01-LM6-001,L06,BRD-K28984613,0.041152263376923,0.041152263376923001,BRD-K28984613|0.041152263376923001,development
C-7161-01-LM6-001,L07,BRD-A29260609,10.000000000000002,10.000000000000002,BRD-A29260609|10.000000000000002,development
C-7161-01-LM6-001,L08,BRD-A29260609,3.333333333330769,3.3333333333307689,BRD-A29260609|3.3333333333307689,development
C-7161-01-LM6-001,L09,BRD-A29260609,1.1111111111153846,1.1111111111153846,BRD-A29260609|1.1111111111153846,development
C-7161-01-LM6-001,L10,BRD-A29260609,0.3703703703692307,0.37037037036923071,BRD-A29260609|0.37037037036923071,development
C-7161-01-LM6-001,L11,BRD-A29260609,0.1234567901230769,0.12345679012307691,BRD-A29260609|0.12345679012307691,development
C-7161-01-LM6-001,L12,BRD-A29260609,0.041152263376923,0.041152263376923001,BRD-A29260609|0.041152263376923001,development
C-7161-01-LM6-001,L13,BRD-A29322418,10.000000000000002,10.000000000000002,BRD-A29322418|10.000000000000002,development
C-7161-01-LM6-001,L14,BRD-A29322418,3.333333333330769,3.3333333333307689,BRD-A29322418|3.3333333333307689,development
C-7161-01-LM6-001,L15,BRD-A29322418,1.1111111111153846,1.1111111111153846,BRD-A29322418|1.1111111111153846,development
C-7161-01-LM6-001,L16,BRD-A29322418,0.3703703703692307,0.37037037036923071,BRD-A29322418|0.37037037036923071,development
C-7161-01-LM6-001,L17,BRD-A29322418,0.1234567901230769,0.12345679012307691,BRD-A29322418|0.12345679012307691,development
C-7161-01-LM6-001,L18,BRD-A29322418,0.041152263376923,0.041152263376923001,BRD-A29322418|0.041152263376923001,development
C-7161-01-LM6-001,L19,BRD-K29359156,10.000000000000002,10.000000000000002,BRD-K29359156|10.000000000000002,development
C-7161-01-LM6-001,L20,BRD-K29359156,3.333333333330769,3.3333333333307689,BRD-K29359156|3.3333333333307689,development
C-7161-01-LM6-001,L21,BRD-K29359156,1.1111111111153846,1.1111111111153846,BRD-K29359156|1.1111111111153846,development
C-7161-01-LM6-001,L22,BRD-K29359156,0.3703703703692307,0.37037037036923071,BRD-K29359156|0.37037037036923071,development
C-7161-01-LM6-001,L23,BRD-K29359156,0.1234567901230769,0.12345679012307691,BRD-K29359156|0.12345679012307691,development
C-7161-01-LM6-001,L24,BRD-K29359156,0.041152263376923,0.041152263376923001,BRD-K29359156|0.041152263376923001,development
C-7161-01-LM6-001,M01,BRD-K29582115,10.000000000000002,10.000000000000002,BRD-K29582115|10.000000000000002,development
C-7161-01-LM6-001,M02,BRD-K29582115,3.333333333330769,3.3333333333307689,BRD-K29582115|3.3333333333307689,development
C-7161-01-LM6-001,M03,BRD-K29582115,1.1111111111153846,1.1111111111153846,BRD-K29582115|1.1111111111153846,development
C-7161-01-LM6-001,M04,BRD-K29582115,0.3703703703692307,0.37037037036923071,BRD-K29582115|0.37037037036923071,development
C-7161-01-LM6-001,M05,BRD-K29582115,0.1234567901230769,0.12345679012307691,BRD-K29582115|0.12345679012307691,development
C-7161-01-LM6-001,M06,BRD-K29582115,0.041152263376923,0.041152263376923001,BRD-K29582115|0.041152263376923001,development
C-7161-01-LM6-001,M07,BRD-K29653726,10.000000000000002,10.000000000000002,BRD-K29653726|10.000000000000002,quarantine
C-7161-01-LM6-001,M08,BRD-K29653726,3.333333333330769,3.3333333333307689,BRD-K29653726|3.3333333333307689,quarantine
C-7161-01-LM6-001,M09,BRD-K29653726,1.1111111111153846,1.1111111111153846,BRD-K29653726|1.1111111111153846,quarantine
C-7161-01-LM6-001,M10,BRD-K29653726,0.3703703703692307,0.37037037036923071,BRD-K29653726|0.37037037036923071,quarantine
C-7161-01-LM6-001,M11,BRD-K29653726,0.1234567901230769,0.12345679012307691,BRD-K29653726|0.12345679012307691,quarantine
C-7161-01-LM6-001,M12,BRD-K29653726,0.041152263376923,0.041152263376923001,BRD-K29653726|0.041152263376923001,quarantine
C-7161-01-LM6-001,M13,BRD-K29673530,10.000000000000002,10.000000000000002,BRD-K29673530|10.000000000000002,development
C-7161-01-LM6-001,M14,BRD-K29673530,3.333333333330769,3.3333333333307689,BRD-K29673530|3.3333333333307689,development
C-7161-01-LM6-001,M15,BRD-K29673530,1.1111111111153846,1.1111111111153846,BRD-K29673530|1.1111111111153846,development
C-7161-01-LM6-001,M16,BRD-K29673530,0.3703703703692307,0.37037037036923071,BRD-K29673530|0.37037037036923071,development
C-7161-01-LM6-001,M17,BRD-K29673530,0.1234567901230769,0.12345679012307691,BRD-K29673530|0.12345679012307691,development
C-7161-01-LM6-001,M18,BRD-K29673530,0.041152263376923,0.041152263376923001,BRD-K29673530|0.041152263376923001,development
C-7161-01-LM6-001,M19,BRD-A29734509,10.000000000000002,10.000000000000002,BRD-A29734509|10.000000000000002,quarantine
C-7161-01-LM6-001,M20,BRD-A29734509,3.333333333330769,3.3333333333307689,BRD-A29734509|3.3333333333307689,quarantine
C-7161-01-LM6-001,M21,BRD-A29734509,1.1111111111153846,1.1111111111153846,BRD-A29734509|1.1111111111153846,quarantine
C-7161-01-LM6-001,M22,BRD-A29734509,0.3703703703692307,0.37037037036923071,BRD-A29734509|0.37037037036923071,quarantine
C-7161-01-LM6-001,M23,BRD-A29734509,0.1234567901230769,0.12345679012307691,BRD-A29734509|0.12345679012307691,quarantine
C-7161-01-LM6-001,M24,BRD-A29734509,0.041152263376923,0.041152263376923001,BRD-A29734509|0.041152263376923001,quarantine
C-7161-01-LM6-001,N01,BRD-A29623586,10.000000000000002,10.000000000000002,BRD-A29623586|10.000000000000002,development
C-7161-01-LM6-001,N02,BRD-A29623586,3.333333333330769,3.3333333333307689,BRD-A29623586|3.3333333333307689,development
C-7161-01-LM6-001,N03,BRD-A29623586,1.1111111111153846,1.1111111111153846,BRD-A29623586|1.1111111111153846,development
C-7161-01-LM6-001,N04,BRD-A29623586,0.3703703703692307,0.37037037036923071,BRD-A29623586|0.37037037036923071,development
C-7161-01-LM6-001,N05,BRD-A29623586,0.1234567901230769,0.12345679012307691,BRD-A29623586|0.12345679012307691,development
C-7161-01-LM6-001,N06,BRD-A29623586,0.041152263376923,0.041152263376923001,BRD-A29623586|0.041152263376923001,development
C-7161-01-LM6-001,N07,BRD-K29656036,10.000000000000002,10.000000000000002,BRD-K29656036|10.000000000000002,quarantine
C-7161-01-LM6-001,N08,BRD-K29656036,3.333333333330769,3.3333333333307689,BRD-K29656036|3.3333333333307689,quarantine
C-7161-01-LM6-001,N09,BRD-K29656036,1.1111111111153846,1.1111111111153846,BRD-K29656036|1.1111111111153846,quarantine
C-7161-01-LM6-001,N10,BRD-K29656036,0.3703703703692307,0.37037037036923071,BRD-K29656036|0.37037037036923071,quarantine
C-7161-01-LM6-001,N11,BRD-K29656036,0.1234567901230769,0.12345679012307691,BRD-K29656036|0.12345679012307691,quarantine
C-7161-01-LM6-001,N12,BRD-K29656036,0.041152263376923,0.041152263376923001,BRD-K29656036|0.041152263376923001,quarantine
C-7161-01-LM6-001,N13,BRD-A29731977,10.000000000000002,10.000000000000002,BRD-A29731977|10.000000000000002,quarantine
C-7161-01-LM6-001,N14,BRD-A29731977,3.333333333330769,3.3333333333307689,BRD-A29731977|3.3333333333307689,quarantine
C-7161-01-LM6-001,N15,BRD-A29731977,1.1111111111153846,1.1111111111153846,BRD-A29731977|1.1111111111153846,quarantine
C-7161-01-LM6-001,N16,BRD-A29731977,0.3703703703692307,0.37037037036923071,BRD-A29731977|0.37037037036923071,quarantine
C-7161-01-LM6-001,N17,BRD-A29731977,0.1234567901230769,0.12345679012307691,BRD-A29731977|0.12345679012307691,quarantine
C-7161-01-LM6-001,N18,BRD-A29731977,0.041152263376923,0.041152263376923001,BRD-A29731977|0.041152263376923001,quarantine
C-7161-01-LM6-001,N19,BRD-K29735307,10.000000000000002,10.000000000000002,BRD-K29735307|10.000000000000002,development
C-7161-01-LM6-001,N20,BRD-K29735307,3.333333333330769,3.3333333333307689,BRD-K29735307|3.3333333333307689,development
C-7161-01-LM6-001,N21,BRD-K29735307,1.1111111111153846,1.1111111111153846,BRD-K29735307|1.1111111111153846,development
C-7161-01-LM6-001,N22,BRD-K29735307,0.3703703703692307,0.37037037036923071,BRD-K29735307|0.37037037036923071,development
C-7161-01-LM6-001,N23,BRD-K29735307,0.1234567901230769,0.12345679012307691,BRD-K29735307|0.12345679012307691,development
C-7161-01-LM6-001,N24,BRD-K29735307,0.041152263376923,0.041152263376923001,BRD-K29735307|0.041152263376923001,development
C-7161-01-LM6-001,O07,BRD-K30126819,10.000000000000002,10.000000000000002,BRD-K30126819|10.000000000000002,quarantine
C-7161-01-LM6-001,O08,BRD-K30126819,3.333333333330769,3.3333333333307689,BRD-K30126819|3.3333333333307689,quarantine
C-7161-01-LM6-001,O09,BRD-K30126819,1.1111111111153846,1.1111111111153846,BRD-K30126819|1.1111111111153846,quarantine
C-7161-01-LM6-001,O10,BRD-K30126819,0.3703703703692307,0.37037037036923071,BRD-K30126819|0.37037037036923071,quarantine
C-7161-01-LM6-001,O11,BRD-K30126819,0.1234567901230769,0.12345679012307691,BRD-K30126819|0.12345679012307691,quarantine
C-7161-01-LM6-001,O12,BRD-K30126819,0.041152263376923,0.041152263376923001,BRD-K30126819|0.041152263376923001,quarantine
C-7161-01-LM6-001,O13,BRD-K30421593,10.000000000000002,10.000000000000002,BRD-K30421593|10.000000000000002,development
C-7161-01-LM6-001,O14,BRD-K30421593,3.333333333330769,3.3333333333307689,BRD-K30421593|3.3333333333307689,development
C-7161-01-LM6-001,O15,BRD-K30421593,1.1111111111153846,1.1111111111153846,BRD-K30421593|1.1111111111153846,development
C-7161-01-LM6-001,O16,BRD-K30421593,0.3703703703692307,0.37037037036923071,BRD-K30421593|0.37037037036923071,development
C-7161-01-LM6-001,O17,BRD-K30421593,0.1234567901230769,0.12345679012307691,BRD-K30421593|0.12345679012307691,development
C-7161-01-LM6-001,O18,BRD-K30421593,0.041152263376923,0.041152263376923001,BRD-K30421593|0.041152263376923001,development
C-7161-01-LM6-001,O19,BRD-K30480208,10.000000000000002,10.000000000000002,BRD-K30480208|10.000000000000002,development
C-7161-01-LM6-001,O20,BRD-K30480208,3.333333333330769,3.3333333333307689,BRD-K30480208|3.3333333333307689,development
C-7161-01-LM6-001,O21,BRD-K30480208,1.1111111111153846,1.1111111111153846,BRD-K30480208|1.1111111111153846,development
C-7161-01-LM6-001,O22,BRD-K30480208,0.3703703703692307,0.37037037036923071,BRD-K30480208|0.37037037036923071,development
C-7161-01-LM6-001,O23,BRD-K30480208,0.1234567901230769,0.12345679012307691,BRD-K30480208|0.12345679012307691,development
C-7161-01-LM6-001,O24,BRD-K30480208,0.041152263376923,0.041152263376923001,BRD-K30480208|0.041152263376923001,development
C-7161-01-LM6-001,P01,BRD-A30051119,10.000000000000002,10.000000000000002,BRD-A30051119|10.000000000000002,quarantine
C-7161-01-LM6-001,P02,BRD-A30051119,3.333333333330769,3.3333333333307689,BRD-A30051119|3.3333333333307689,quarantine
C-7161-01-LM6-001,P03,BRD-A30051119,1.1111111111153846,1.1111111111153846,BRD-A30051119|1.1111111111153846,quarantine
C-7161-01-LM6-001,P04,BRD-A30051119,0.3703703703692307,0.37037037036923071,BRD-A30051119|0.37037037036923071,quarantine
C-7161-01-LM6-001,P05,BRD-A30051119,0.1234567901230769,0.12345679012307691,BRD-A30051119|0.12345679012307691,quarantine
C-7161-01-LM6-001,P06,BRD-A30051119,0.041152263376923,0.041152263376923001,BRD-A30051119|0.041152263376923001,quarantine
C-7161-01-LM6-001,P07,BRD-K30331124,10.000000000000002,10.000000000000002,BRD-K30331124|10.000000000000002,development
C-7161-01-LM6-001,P08,BRD-K30331124,3.333333333330769,3.3333333333307689,BRD-K30331124|3.3333333333307689,development
C-7161-01-LM6-001,P09,BRD-K30331124,1.1111111111153846,1.1111111111153846,BRD-K30331124|1.1111111111153846,development
C-7161-01-LM6-001,P10,BRD-K30331124,0.3703703703692307,0.37037037036923071,BRD-K30331124|0.37037037036923071,development
C-7161-01-LM6-001,P11,BRD-K30331124,0.1234567901230769,0.12345679012307691,BRD-K30331124|0.12345679012307691,development
C-7161-01-LM6-001,P12,BRD-K30331124,0.041152263376923,0.041152263376923001,BRD-K30331124|0.041152263376923001,development
C-7161-01-LM6-001,P13,BRD-K30466858,10.000000000000002,10.000000000000002,BRD-K30466858|10.000000000000002,development
C-7161-01-LM6-001,P14,BRD-K30466858,3.333333333330769,3.3333333333307689,BRD-K30466858|3.3333333333307689,development
C-7161-01-LM6-001,P15,BRD-K30466858,1.1111111111153846,1.1111111111153846,BRD-K30466858|1.1111111111153846,development
C-7161-01-LM6-001,P16,BRD-K30466858,0.3703703703692307,0.37037037036923071,BRD-K30466858|0.37037037036923071,development
C-7161-01-LM6-001,P17,BRD-K30466858,0.1234567901230769,0.12345679012307691,BRD-K30466858|0.12345679012307691,development
C-7161-01-LM6-001,P18,BRD-K30466858,0.041152263376923,0.041152263376923001,BRD-K30466858|0.041152263376923001,development
C-7161-01-LM6-001,P19,BRD-K03842655,2.0,2,BRD-K03842655|2,quarantine
C-7161-01-LM6-001,P20,BRD-K03842655,0.6666666666666666,0.66666666666666663,BRD-K03842655|0.66666666666666663,quarantine
C-7161-01-LM6-001,P21,BRD-K03842655,0.2222222222222222,0.22222222222222221,BRD-K03842655|0.22222222222222221,quarantine
C-7161-01-LM6-001,P22,BRD-K03842655,0.074074074074074,0.074074074074074001,BRD-K03842655|0.074074074074074001,quarantine
C-7161-01-LM6-001,P23,BRD-K03842655,0.0246913580246913,0.024691358024691301,BRD-K03842655|0.024691358024691301,quarantine
C-7161-01-LM6-001,P24,BRD-K03842655,0.0082304526748971,0.0082304526748970992,BRD-K03842655|0.0082304526748970992,quarantine
C-7161-01-LM6-002,A07,BRD-K15502390,10.000000000000002,10.000000000000002,BRD-K15502390|10.000000000000002,T2
C-7161-01-LM6-002,A08,BRD-K15502390,3.333333333330769,3.3333333333307689,BRD-K15502390|3.3333333333307689,T2
C-7161-01-LM6-002,A09,BRD-K15502390,1.1111111111153846,1.1111111111153846,BRD-K15502390|1.1111111111153846,T2
C-7161-01-LM6-002,A10,BRD-K15502390,0.3703703703692307,0.37037037036923071,BRD-K15502390|0.37037037036923071,T2
C-7161-01-LM6-002,A11,BRD-K15502390,0.1234567901230769,0.12345679012307691,BRD-K15502390|0.12345679012307691,T2
C-7161-01-LM6-002,A12,BRD-K15502390,0.041152263376923,0.041152263376923001,BRD-K15502390|0.041152263376923001,T2
C-7161-01-LM6-002,A13,BRD-K15567136,10.000000000000002,10.000000000000002,BRD-K15567136|10.000000000000002,T2
C-7161-01-LM6-002,A14,BRD-K15567136,3.333333333330769,3.3333333333307689,BRD-K15567136|3.3333333333307689,T2
C-7161-01-LM6-002,A15,BRD-K15567136,1.1111111111153846,1.1111111111153846,BRD-K15567136|1.1111111111153846,T2
C-7161-01-LM6-002,A16,BRD-K15567136,0.3703703703692307,0.37037037036923071,BRD-K15567136|0.37037037036923071,T2
C-7161-01-LM6-002,A17,BRD-K15567136,0.1234567901230769,0.12345679012307691,BRD-K15567136|0.12345679012307691,T2
C-7161-01-LM6-002,A18,BRD-K15567136,0.041152263376923,0.041152263376923001,BRD-K15567136|0.041152263376923001,T2
C-7161-01-LM6-002,A19,BRD-A15909516,10.000000000000002,10.000000000000002,BRD-A15909516|10.000000000000002,T1
C-7161-01-LM6-002,A20,BRD-A15909516,3.333333333330769,3.3333333333307689,BRD-A15909516|3.3333333333307689,T1
C-7161-01-LM6-002,A21,BRD-A15909516,1.1111111111153846,1.1111111111153846,BRD-A15909516|1.1111111111153846,T1
C-7161-01-LM6-002,A22,BRD-A15909516,0.3703703703692307,0.37037037036923071,BRD-A15909516|0.37037037036923071,T1
C-7161-01-LM6-002,A23,BRD-A15909516,0.1234567901230769,0.12345679012307691,BRD-A15909516|0.12345679012307691,T1
C-7161-01-LM6-002,A24,BRD-A15909516,0.041152263376923,0.041152263376923001,BRD-A15909516|0.041152263376923001,T1
C-7161-01-LM6-002,B07,BRD-K15507868,10.0,10,BRD-K15507868|10,T2
C-7161-01-LM6-002,B08,BRD-K15507868,3.333333333333333,3.333333333333333,BRD-K15507868|3.333333333333333,T2
C-7161-01-LM6-002,B09,BRD-K15507868,1.1111111111111112,1.1111111111111112,BRD-K15507868|1.1111111111111112,T2
C-7161-01-LM6-002,B10,BRD-K15507868,0.3703703703703703,0.37037037037037029,BRD-K15507868|0.37037037037037029,T2
C-7161-01-LM6-002,B11,BRD-K15507868,0.1234567901234567,0.1234567901234567,BRD-K15507868|0.1234567901234567,T2
C-7161-01-LM6-002,B12,BRD-K15507868,0.0411522633744855,0.0411522633744855,BRD-K15507868|0.0411522633744855,T2
C-7161-01-LM6-002,B13,BRD-K15766189,10.000000000000002,10.000000000000002,BRD-K15766189|10.000000000000002,T1
C-7161-01-LM6-002,B14,BRD-K15766189,3.333333333330769,3.3333333333307689,BRD-K15766189|3.3333333333307689,T1
C-7161-01-LM6-002,B15,BRD-K15766189,1.1111111111153846,1.1111111111153846,BRD-K15766189|1.1111111111153846,T1
C-7161-01-LM6-002,B16,BRD-K15766189,0.3703703703692307,0.37037037036923071,BRD-K15766189|0.37037037036923071,T1
C-7161-01-LM6-002,B17,BRD-K15766189,0.1234567901230769,0.12345679012307691,BRD-K15766189|0.12345679012307691,T1
C-7161-01-LM6-002,B18,BRD-K15766189,0.041152263376923,0.041152263376923001,BRD-K15766189|0.041152263376923001,T1
C-7161-01-LM6-002,B19,BRD-K15916496,10.000000000000002,10.000000000000002,BRD-K15916496|10.000000000000002,T2
C-7161-01-LM6-002,B20,BRD-K15916496,3.333333333330769,3.3333333333307689,BRD-K15916496|3.3333333333307689,T2
C-7161-01-LM6-002,B21,BRD-K15916496,1.1111111111153846,1.1111111111153846,BRD-K15916496|1.1111111111153846,T2
C-7161-01-LM6-002,B22,BRD-K15916496,0.3703703703692307,0.37037037036923071,BRD-K15916496|0.37037037036923071,T2
C-7161-01-LM6-002,B23,BRD-K15916496,0.1234567901230769,0.12345679012307691,BRD-K15916496|0.12345679012307691,T2
C-7161-01-LM6-002,B24,BRD-K15916496,0.041152263376923,0.041152263376923001,BRD-K15916496|0.041152263376923001,T2
C-7161-01-LM6-002,C01,BRD-K15933101,10.000000000000002,10.000000000000002,BRD-K15933101|10.000000000000002,T1
C-7161-01-LM6-002,C02,BRD-K15933101,3.333333333330769,3.3333333333307689,BRD-K15933101|3.3333333333307689,T1
C-7161-01-LM6-002,C03,BRD-K15933101,1.1111111111153846,1.1111111111153846,BRD-K15933101|1.1111111111153846,T1
C-7161-01-LM6-002,C04,BRD-K15933101,0.3703703703692307,0.37037037036923071,BRD-K15933101|0.37037037036923071,T1
C-7161-01-LM6-002,C05,BRD-K15933101,0.1234567901230769,0.12345679012307691,BRD-K15933101|0.12345679012307691,T1
C-7161-01-LM6-002,C06,BRD-K15933101,0.041152263376923,0.041152263376923001,BRD-K15933101|0.041152263376923001,T1
C-7161-01-LM6-002,C07,BRD-K16037980,10.000000000000002,10.000000000000002,BRD-K16037980|10.000000000000002,T2
C-7161-01-LM6-002,C08,BRD-K16037980,3.333333333330769,3.3333333333307689,BRD-K16037980|3.3333333333307689,T2
C-7161-01-LM6-002,C09,BRD-K16037980,1.1111111111153846,1.1111111111153846,BRD-K16037980|1.1111111111153846,T2
C-7161-01-LM6-002,C10,BRD-K16037980,0.3703703703692307,0.37037037036923071,BRD-K16037980|0.37037037036923071,T2
C-7161-01-LM6-002,C11,BRD-K16037980,0.1234567901230769,0.12345679012307691,BRD-K16037980|0.12345679012307691,T2
C-7161-01-LM6-002,C12,BRD-K16037980,0.041152263376923,0.041152263376923001,BRD-K16037980|0.041152263376923001,T2
C-7161-01-LM6-002,C13,BRD-K16133773,10.000000000000002,10.000000000000002,BRD-K16133773|10.000000000000002,T2
C-7161-01-LM6-002,C14,BRD-K16133773,3.333333333330769,3.3333333333307689,BRD-K16133773|3.3333333333307689,T2
C-7161-01-LM6-002,C15,BRD-K16133773,1.1111111111153846,1.1111111111153846,BRD-K16133773|1.1111111111153846,T2
C-7161-01-LM6-002,C16,BRD-K16133773,0.3703703703692307,0.37037037036923071,BRD-K16133773|0.37037037036923071,T2
C-7161-01-LM6-002,C17,BRD-K16133773,0.1234567901230769,0.12345679012307691,BRD-K16133773|0.12345679012307691,T2
C-7161-01-LM6-002,C18,BRD-K16133773,0.041152263376923,0.041152263376923001,BRD-K16133773|0.041152263376923001,T2
C-7161-01-LM6-002,D01,BRD-K15976406,10.000000000000002,10.000000000000002,BRD-K15976406|10.000000000000002,validation
C-7161-01-LM6-002,D02,BRD-K15976406,3.333333333330769,3.3333333333307689,BRD-K15976406|3.3333333333307689,validation
C-7161-01-LM6-002,D03,BRD-K15976406,1.1111111111153846,1.1111111111153846,BRD-K15976406|1.1111111111153846,validation
C-7161-01-LM6-002,D04,BRD-K15976406,0.3703703703692307,0.37037037036923071,BRD-K15976406|0.37037037036923071,validation
C-7161-01-LM6-002,D05,BRD-K15976406,0.1234567901230769,0.12345679012307691,BRD-K15976406|0.12345679012307691,validation
C-7161-01-LM6-002,D06,BRD-K15976406,0.041152263376923,0.041152263376923001,BRD-K15976406|0.041152263376923001,validation
C-7161-01-LM6-002,D07,BRD-K16077845,10.000000000000002,10.000000000000002,BRD-K16077845|10.000000000000002,T1
C-7161-01-LM6-002,D08,BRD-K16077845,3.333333333330769,3.3333333333307689,BRD-K16077845|3.3333333333307689,T1
C-7161-01-LM6-002,D09,BRD-K16077845,1.1111111111153846,1.1111111111153846,BRD-K16077845|1.1111111111153846,T1
C-7161-01-LM6-002,D10,BRD-K16077845,0.3703703703692307,0.37037037036923071,BRD-K16077845|0.37037037036923071,T1
C-7161-01-LM6-002,D11,BRD-K16077845,0.1234567901230769,0.12345679012307691,BRD-K16077845|0.12345679012307691,T1
C-7161-01-LM6-002,D12,BRD-K16077845,0.041152263376923,0.041152263376923001,BRD-K16077845|0.041152263376923001,T1
C-7161-01-LM6-002,D13,BRD-K16195444,10.000000000000002,10.000000000000002,BRD-K16195444|10.000000000000002,T2
C-7161-01-LM6-002,D14,BRD-K16195444,3.333333333330769,3.3333333333307689,BRD-K16195444|3.3333333333307689,T2
C-7161-01-LM6-002,D15,BRD-K16195444,1.1111111111153846,1.1111111111153846,BRD-K16195444|1.1111111111153846,T2
C-7161-01-LM6-002,D16,BRD-K16195444,0.3703703703692307,0.37037037036923071,BRD-K16195444|0.37037037036923071,T2
C-7161-01-LM6-002,D17,BRD-K16195444,0.1234567901230769,0.12345679012307691,BRD-K16195444|0.12345679012307691,T2
C-7161-01-LM6-002,D18,BRD-K16195444,0.041152263376923,0.041152263376923001,BRD-K16195444|0.041152263376923001,T2
C-7161-01-LM6-002,D19,BRD-K16295392,10.000000000000002,10.000000000000002,BRD-K16295392|10.000000000000002,T1
C-7161-01-LM6-002,D20,BRD-K16295392,3.333333333330769,3.3333333333307689,BRD-K16295392|3.3333333333307689,T1
C-7161-01-LM6-002,D21,BRD-K16295392,1.1111111111153846,1.1111111111153846,BRD-K16295392|1.1111111111153846,T1
C-7161-01-LM6-002,D22,BRD-K16295392,0.3703703703692307,0.37037037036923071,BRD-K16295392|0.37037037036923071,T1
C-7161-01-LM6-002,D23,BRD-K16295392,0.1234567901230769,0.12345679012307691,BRD-K16295392|0.12345679012307691,T1
C-7161-01-LM6-002,D24,BRD-K16295392,0.041152263376923,0.041152263376923001,BRD-K16295392|0.041152263376923001,T1
C-7161-01-LM6-002,E01,BRD-A16296925,10.0,10,BRD-A16296925|10,T1
C-7161-01-LM6-002,E02,BRD-A16296925,3.333333333333333,3.333333333333333,BRD-A16296925|3.333333333333333,T1
C-7161-01-LM6-002,E03,BRD-A16296925,1.1111111111111112,1.1111111111111112,BRD-A16296925|1.1111111111111112,T1
C-7161-01-LM6-002,E04,BRD-A16296925,0.3703703703703703,0.37037037037037029,BRD-A16296925|0.37037037037037029,T1
C-7161-01-LM6-002,E05,BRD-A16296925,0.1234567901234567,0.1234567901234567,BRD-A16296925|0.1234567901234567,T1
C-7161-01-LM6-002,E06,BRD-A16296925,0.0411522633744856,0.041152263374485597,BRD-A16296925|0.041152263374485597,T1
C-7161-01-LM6-002,E07,BRD-K16444452,10.000000000000002,10.000000000000002,BRD-K16444452|10.000000000000002,T1
C-7161-01-LM6-002,E08,BRD-K16444452,3.333333333330769,3.3333333333307689,BRD-K16444452|3.3333333333307689,T1
C-7161-01-LM6-002,E09,BRD-K16444452,1.1111111111153846,1.1111111111153846,BRD-K16444452|1.1111111111153846,T1
C-7161-01-LM6-002,E10,BRD-K16444452,0.3703703703692307,0.37037037036923071,BRD-K16444452|0.37037037036923071,T1
C-7161-01-LM6-002,E11,BRD-K16444452,0.1234567901230769,0.12345679012307691,BRD-K16444452|0.12345679012307691,T1
C-7161-01-LM6-002,E12,BRD-K16444452,0.041152263376923,0.041152263376923001,BRD-K16444452|0.041152263376923001,T1
C-7161-01-LM6-002,E13,BRD-K16508793,10.000000000000002,10.000000000000002,BRD-K16508793|10.000000000000002,T2
C-7161-01-LM6-002,E14,BRD-K16508793,3.333333333330769,3.3333333333307689,BRD-K16508793|3.3333333333307689,T2
C-7161-01-LM6-002,E15,BRD-K16508793,1.1111111111153846,1.1111111111153846,BRD-K16508793|1.1111111111153846,T2
C-7161-01-LM6-002,E16,BRD-K16508793,0.3703703703692307,0.37037037036923071,BRD-K16508793|0.37037037036923071,T2
C-7161-01-LM6-002,E17,BRD-K16508793,0.1234567901230769,0.12345679012307691,BRD-K16508793|0.12345679012307691,T2
C-7161-01-LM6-002,E18,BRD-K16508793,0.041152263376923,0.041152263376923001,BRD-K16508793|0.041152263376923001,T2
C-7161-01-LM6-002,E19,BRD-A16665823,10.000000000000002,10.000000000000002,BRD-A16665823|10.000000000000002,T2
C-7161-01-LM6-002,E20,BRD-A16665823,3.333333333330769,3.3333333333307689,BRD-A16665823|3.3333333333307689,T2
C-7161-01-LM6-002,E21,BRD-A16665823,1.1111111111153846,1.1111111111153846,BRD-A16665823|1.1111111111153846,T2
C-7161-01-LM6-002,E22,BRD-A16665823,0.3703703703692307,0.37037037036923071,BRD-A16665823|0.37037037036923071,T2
C-7161-01-LM6-002,E23,BRD-A16665823,0.1234567901230769,0.12345679012307691,BRD-A16665823|0.12345679012307691,T2
C-7161-01-LM6-002,E24,BRD-A16665823,0.041152263376923,0.041152263376923001,BRD-A16665823|0.041152263376923001,T2
C-7161-01-LM6-002,F01,BRD-A16347691,10.000000000000002,10.000000000000002,BRD-A16347691|10.000000000000002,T1
C-7161-01-LM6-002,F02,BRD-A16347691,3.333333333330769,3.3333333333307689,BRD-A16347691|3.3333333333307689,T1
C-7161-01-LM6-002,F03,BRD-A16347691,1.1111111111153846,1.1111111111153846,BRD-A16347691|1.1111111111153846,T1
C-7161-01-LM6-002,F04,BRD-A16347691,0.3703703703692307,0.37037037036923071,BRD-A16347691|0.37037037036923071,T1
C-7161-01-LM6-002,F05,BRD-A16347691,0.1234567901230769,0.12345679012307691,BRD-A16347691|0.12345679012307691,T1
C-7161-01-LM6-002,F06,BRD-A16347691,0.041152263376923,0.041152263376923001,BRD-A16347691|0.041152263376923001,T1
C-7161-01-LM6-002,F13,BRD-K16542329,10.000000000000002,10.000000000000002,BRD-K16542329|10.000000000000002,T1
C-7161-01-LM6-002,F14,BRD-K16542329,3.333333333330769,3.3333333333307689,BRD-K16542329|3.3333333333307689,T1
C-7161-01-LM6-002,F15,BRD-K16542329,1.1111111111153846,1.1111111111153846,BRD-K16542329|1.1111111111153846,T1
C-7161-01-LM6-002,F16,BRD-K16542329,0.3703703703692307,0.37037037036923071,BRD-K16542329|0.37037037036923071,T1
C-7161-01-LM6-002,F17,BRD-K16542329,0.1234567901230769,0.12345679012307691,BRD-K16542329|0.12345679012307691,T1
C-7161-01-LM6-002,F18,BRD-K16542329,0.041152263376923,0.041152263376923001,BRD-K16542329|0.041152263376923001,T1
C-7161-01-LM6-002,F19,BRD-K16730910,10.000000000000002,10.000000000000002,BRD-K16730910|10.000000000000002,T2
C-7161-01-LM6-002,F20,BRD-K16730910,3.333333333330769,3.3333333333307689,BRD-K16730910|3.3333333333307689,T2
C-7161-01-LM6-002,F21,BRD-K16730910,1.1111111111153846,1.1111111111153846,BRD-K16730910|1.1111111111153846,T2
C-7161-01-LM6-002,F22,BRD-K16730910,0.3703703703692307,0.37037037036923071,BRD-K16730910|0.37037037036923071,T2
C-7161-01-LM6-002,F23,BRD-K16730910,0.1234567901230769,0.12345679012307691,BRD-K16730910|0.12345679012307691,T2
C-7161-01-LM6-002,F24,BRD-K16730910,0.041152263376923,0.041152263376923001,BRD-K16730910|0.041152263376923001,T2
C-7161-01-LM6-002,G01,BRD-K16732600,10.000000000000002,10.000000000000002,BRD-K16732600|10.000000000000002,T2
C-7161-01-LM6-002,G02,BRD-K16732600,3.333333333330769,3.3333333333307689,BRD-K16732600|3.3333333333307689,T2
C-7161-01-LM6-002,G03,BRD-K16732600,1.1111111111153846,1.1111111111153846,BRD-K16732600|1.1111111111153846,T2
C-7161-01-LM6-002,G04,BRD-K16732600,0.3703703703692307,0.37037037036923071,BRD-K16732600|0.37037037036923071,T2
C-7161-01-LM6-002,G05,BRD-K16732600,0.1234567901230769,0.12345679012307691,BRD-K16732600|0.12345679012307691,T2
C-7161-01-LM6-002,G06,BRD-K16732600,0.041152263376923,0.041152263376923001,BRD-K16732600|0.041152263376923001,T2
C-7161-01-LM6-002,G07,BRD-K16761703,10.000000000000002,10.000000000000002,BRD-K16761703|10.000000000000002,T1
C-7161-01-LM6-002,G08,BRD-K16761703,3.333333333330769,3.3333333333307689,BRD-K16761703|3.3333333333307689,T1
C-7161-01-LM6-002,G09,BRD-K16761703,1.1111111111153846,1.1111111111153846,BRD-K16761703|1.1111111111153846,T1
C-7161-01-LM6-002,G10,BRD-K16761703,0.3703703703692307,0.37037037036923071,BRD-K16761703|0.37037037036923071,T1
C-7161-01-LM6-002,G11,BRD-K16761703,0.1234567901230769,0.12345679012307691,BRD-K16761703|0.12345679012307691,T1
C-7161-01-LM6-002,G12,BRD-K16761703,0.041152263376923,0.041152263376923001,BRD-K16761703|0.041152263376923001,T1
C-7161-01-LM6-002,G19,BRD-K16898998,10.000000000000002,10.000000000000002,BRD-K16898998|10.000000000000002,T2
C-7161-01-LM6-002,G20,BRD-K16898998,3.333333333330769,3.3333333333307689,BRD-K16898998|3.3333333333307689,T2
C-7161-01-LM6-002,G21,BRD-K16898998,1.1111111111153846,1.1111111111153846,BRD-K16898998|1.1111111111153846,T2
C-7161-01-LM6-002,G22,BRD-K16898998,0.3703703703692307,0.37037037036923071,BRD-K16898998|0.37037037036923071,T2
C-7161-01-LM6-002,G23,BRD-K16898998,0.1234567901230769,0.12345679012307691,BRD-K16898998|0.12345679012307691,T2
C-7161-01-LM6-002,G24,BRD-K16898998,0.041152263376923,0.041152263376923001,BRD-K16898998|0.041152263376923001,T2
C-7161-01-LM6-002,H01,BRD-K16757695,10.000000000000002,10.000000000000002,BRD-K16757695|10.000000000000002,T2
C-7161-01-LM6-002,H02,BRD-K16757695,3.333333333330769,3.3333333333307689,BRD-K16757695|3.3333333333307689,T2
C-7161-01-LM6-002,H03,BRD-K16757695,1.1111111111153846,1.1111111111153846,BRD-K16757695|1.1111111111153846,T2
C-7161-01-LM6-002,H04,BRD-K16757695,0.3703703703692307,0.37037037036923071,BRD-K16757695|0.37037037036923071,T2
C-7161-01-LM6-002,H05,BRD-K16757695,0.1234567901230769,0.12345679012307691,BRD-K16757695|0.12345679012307691,T2
C-7161-01-LM6-002,H06,BRD-K16757695,0.041152263376923,0.041152263376923001,BRD-K16757695|0.041152263376923001,T2
C-7161-01-LM6-002,H07,BRD-K16762525,10.000000000000002,10.000000000000002,BRD-K16762525|10.000000000000002,T2
C-7161-01-LM6-002,H08,BRD-K16762525,3.333333333330769,3.3333333333307689,BRD-K16762525|3.3333333333307689,T2
C-7161-01-LM6-002,H09,BRD-K16762525,1.1111111111153846,1.1111111111153846,BRD-K16762525|1.1111111111153846,T2
C-7161-01-LM6-002,H10,BRD-K16762525,0.3703703703692307,0.37037037036923071,BRD-K16762525|0.37037037036923071,T2
C-7161-01-LM6-002,H11,BRD-K16762525,0.1234567901230769,0.12345679012307691,BRD-K16762525|0.12345679012307691,T2
C-7161-01-LM6-002,H12,BRD-K16762525,0.041152263376923,0.041152263376923001,BRD-K16762525|0.041152263376923001,T2
C-7161-01-LM6-002,H13,BRD-K16803204,10.000000000000002,10.000000000000002,BRD-K16803204|10.000000000000002,T1
C-7161-01-LM6-002,H14,BRD-K16803204,3.333333333330769,3.3333333333307689,BRD-K16803204|3.3333333333307689,T1
C-7161-01-LM6-002,H15,BRD-K16803204,1.1111111111153846,1.1111111111153846,BRD-K16803204|1.1111111111153846,T1
C-7161-01-LM6-002,H16,BRD-K16803204,0.3703703703692307,0.37037037036923071,BRD-K16803204|0.37037037036923071,T1
C-7161-01-LM6-002,H17,BRD-K16803204,0.1234567901230769,0.12345679012307691,BRD-K16803204|0.12345679012307691,T1
C-7161-01-LM6-002,H18,BRD-K16803204,0.041152263376923,0.041152263376923001,BRD-K16803204|0.041152263376923001,T1
C-7161-01-LM6-002,H19,BRD-A16997652,10.000000000000002,10.000000000000002,BRD-A16997652|10.000000000000002,T1
C-7161-01-LM6-002,H20,BRD-A16997652,3.333333333330769,3.3333333333307689,BRD-A16997652|3.3333333333307689,T1
C-7161-01-LM6-002,H21,BRD-A16997652,1.1111111111153846,1.1111111111153846,BRD-A16997652|1.1111111111153846,T1
C-7161-01-LM6-002,H22,BRD-A16997652,0.3703703703692307,0.37037037036923071,BRD-A16997652|0.37037037036923071,T1
C-7161-01-LM6-002,H23,BRD-A16997652,0.1234567901230769,0.12345679012307691,BRD-A16997652|0.12345679012307691,T1
C-7161-01-LM6-002,H24,BRD-A16997652,0.041152263376923,0.041152263376923001,BRD-A16997652|0.041152263376923001,T1
C-7161-01-LM6-002,I01,BRD-K17026858,10.000000000000002,10.000000000000002,BRD-K17026858|10.000000000000002,T1
C-7161-01-LM6-002,I02,BRD-K17026858,3.333333333330769,3.3333333333307689,BRD-K17026858|3.3333333333307689,T1
C-7161-01-LM6-002,I03,BRD-K17026858,1.1111111111153846,1.1111111111153846,BRD-K17026858|1.1111111111153846,T1
C-7161-01-LM6-002,I04,BRD-K17026858,0.3703703703692307,0.37037037036923071,BRD-K17026858|0.37037037036923071,T1
C-7161-01-LM6-002,I05,BRD-K17026858,0.1234567901230769,0.12345679012307691,BRD-K17026858|0.12345679012307691,T1
C-7161-01-LM6-002,I06,BRD-K17026858,0.041152263376923,0.041152263376923001,BRD-K17026858|0.041152263376923001,T1
C-7161-01-LM6-002,I07,BRD-K17075857,10.000000000000002,10.000000000000002,BRD-K17075857|10.000000000000002,T1
C-7161-01-LM6-002,I08,BRD-K17075857,3.333333333330769,3.3333333333307689,BRD-K17075857|3.3333333333307689,T1
C-7161-01-LM6-002,I09,BRD-K17075857,1.1111111111153846,1.1111111111153846,BRD-K17075857|1.1111111111153846,T1
C-7161-01-LM6-002,I10,BRD-K17075857,0.3703703703692307,0.37037037036923071,BRD-K17075857|0.37037037036923071,T1
C-7161-01-LM6-002,I11,BRD-K17075857,0.1234567901230769,0.12345679012307691,BRD-K17075857|0.12345679012307691,T1
C-7161-01-LM6-002,I12,BRD-K17075857,0.041152263376923,0.041152263376923001,BRD-K17075857|0.041152263376923001,T1
C-7161-01-LM6-002,I13,BRD-A17411484,10.000000000000002,10.000000000000002,BRD-A17411484|10.000000000000002,T2
C-7161-01-LM6-002,I14,BRD-A17411484,3.333333333330769,3.3333333333307689,BRD-A17411484|3.3333333333307689,T2
C-7161-01-LM6-002,I15,BRD-A17411484,1.1111111111153846,1.1111111111153846,BRD-A17411484|1.1111111111153846,T2
C-7161-01-LM6-002,I16,BRD-A17411484,0.3703703703692307,0.37037037036923071,BRD-A17411484|0.37037037036923071,T2
C-7161-01-LM6-002,I17,BRD-A17411484,0.1234567901230769,0.12345679012307691,BRD-A17411484|0.12345679012307691,T2
C-7161-01-LM6-002,I18,BRD-A17411484,0.041152263376923,0.041152263376923001,BRD-A17411484|0.041152263376923001,T2
C-7161-01-LM6-002,I19,BRD-A17462676,10.000000000000002,10.000000000000002,BRD-A17462676|10.000000000000002,T2
C-7161-01-LM6-002,I20,BRD-A17462676,3.333333333330769,3.3333333333307689,BRD-A17462676|3.3333333333307689,T2
C-7161-01-LM6-002,I21,BRD-A17462676,1.1111111111153846,1.1111111111153846,BRD-A17462676|1.1111111111153846,T2
C-7161-01-LM6-002,I22,BRD-A17462676,0.3703703703692307,0.37037037036923071,BRD-A17462676|0.37037037036923071,T2
C-7161-01-LM6-002,I23,BRD-A17462676,0.1234567901230769,0.12345679012307691,BRD-A17462676|0.12345679012307691,T2
C-7161-01-LM6-002,I24,BRD-A17462676,0.041152263376923,0.041152263376923001,BRD-A17462676|0.041152263376923001,T2
C-7161-01-LM6-002,J01,BRD-K17068645,10.000000000000002,10.000000000000002,BRD-K17068645|10.000000000000002,T1
C-7161-01-LM6-002,J02,BRD-K17068645,3.333333333330769,3.3333333333307689,BRD-K17068645|3.3333333333307689,T1
C-7161-01-LM6-002,J03,BRD-K17068645,1.1111111111153846,1.1111111111153846,BRD-K17068645|1.1111111111153846,T1
C-7161-01-LM6-002,J04,BRD-K17068645,0.3703703703692307,0.37037037036923071,BRD-K17068645|0.37037037036923071,T1
C-7161-01-LM6-002,J05,BRD-K17068645,0.1234567901230769,0.12345679012307691,BRD-K17068645|0.12345679012307691,T1
C-7161-01-LM6-002,J06,BRD-K17068645,0.041152263376923,0.041152263376923001,BRD-K17068645|0.041152263376923001,T1
C-7161-01-LM6-002,J07,BRD-K17203476,10.000000000000002,10.000000000000002,BRD-K17203476|10.000000000000002,T2
C-7161-01-LM6-002,J08,BRD-K17203476,3.333333333330769,3.3333333333307689,BRD-K17203476|3.3333333333307689,T2
C-7161-01-LM6-002,J09,BRD-K17203476,1.1111111111153846,1.1111111111153846,BRD-K17203476|1.1111111111153846,T2
C-7161-01-LM6-002,J10,BRD-K17203476,0.3703703703692307,0.37037037036923071,BRD-K17203476|0.37037037036923071,T2
C-7161-01-LM6-002,J11,BRD-K17203476,0.1234567901230769,0.12345679012307691,BRD-K17203476|0.12345679012307691,T2
C-7161-01-LM6-002,J12,BRD-K17203476,0.041152263376923,0.041152263376923001,BRD-K17203476|0.041152263376923001,T2
C-7161-01-LM6-002,J19,BRD-K17498618,10.000000000000002,10.000000000000002,BRD-K17498618|10.000000000000002,T2
C-7161-01-LM6-002,J20,BRD-K17498618,3.333333333330769,3.3333333333307689,BRD-K17498618|3.3333333333307689,T2
C-7161-01-LM6-002,J21,BRD-K17498618,1.1111111111153846,1.1111111111153846,BRD-K17498618|1.1111111111153846,T2
C-7161-01-LM6-002,J22,BRD-K17498618,0.3703703703692307,0.37037037036923071,BRD-K17498618|0.37037037036923071,T2
C-7161-01-LM6-002,J23,BRD-K17498618,0.1234567901230769,0.12345679012307691,BRD-K17498618|0.12345679012307691,T2
C-7161-01-LM6-002,J24,BRD-K17498618,0.041152263376923,0.041152263376923001,BRD-K17498618|0.041152263376923001,T2
C-7161-01-LM6-002,K01,BRD-K17500877,10.0,10,BRD-K17500877|10,T1
C-7161-01-LM6-002,K02,BRD-K17500877,3.333333333333333,3.333333333333333,BRD-K17500877|3.333333333333333,T1
C-7161-01-LM6-002,K03,BRD-K17500877,1.1111111111111112,1.1111111111111112,BRD-K17500877|1.1111111111111112,T1
C-7161-01-LM6-002,K04,BRD-K17500877,0.3703703703703703,0.37037037037037029,BRD-K17500877|0.37037037037037029,T1
C-7161-01-LM6-002,K05,BRD-K17500877,0.1234567901234568,0.1234567901234568,BRD-K17500877|0.1234567901234568,T1
C-7161-01-LM6-002,K06,BRD-K17500877,0.0411522633744855,0.0411522633744855,BRD-K17500877|0.0411522633744855,T1
C-7161-01-LM6-002,K13,BRD-K17561142,10.000000000000002,10.000000000000002,BRD-K17561142|10.000000000000002,T2
C-7161-01-LM6-002,K14,BRD-K17561142,3.333333333330769,3.3333333333307689,BRD-K17561142|3.3333333333307689,T2
C-7161-01-LM6-002,K15,BRD-K17561142,1.1111111111153846,1.1111111111153846,BRD-K17561142|1.1111111111153846,T2
C-7161-01-LM6-002,K16,BRD-K17561142,0.3703703703692307,0.37037037036923071,BRD-K17561142|0.37037037036923071,T2
C-7161-01-LM6-002,K17,BRD-K17561142,0.1234567901230769,0.12345679012307691,BRD-K17561142|0.12345679012307691,T2
C-7161-01-LM6-002,K18,BRD-K17561142,0.041152263376923,0.041152263376923001,BRD-K17561142|0.041152263376923001,T2
C-7161-01-LM6-002,K19,BRD-K17705806,10.000000000000002,10.000000000000002,BRD-K17705806|10.000000000000002,T2
C-7161-01-LM6-002,K20,BRD-K17705806,3.333333333330769,3.3333333333307689,BRD-K17705806|3.3333333333307689,T2
C-7161-01-LM6-002,K21,BRD-K17705806,1.1111111111153846,1.1111111111153846,BRD-K17705806|1.1111111111153846,T2
C-7161-01-LM6-002,K22,BRD-K17705806,0.3703703703692307,0.37037037036923071,BRD-K17705806|0.37037037036923071,T2
C-7161-01-LM6-002,K23,BRD-K17705806,0.1234567901230769,0.12345679012307691,BRD-K17705806|0.12345679012307691,T2
C-7161-01-LM6-002,K24,BRD-K17705806,0.041152263376923,0.041152263376923001,BRD-K17705806|0.041152263376923001,T2
C-7161-01-LM6-002,L01,BRD-K17513304,10.000000000000002,10.000000000000002,BRD-K17513304|10.000000000000002,T1
C-7161-01-LM6-002,L02,BRD-K17513304,3.333333333330769,3.3333333333307689,BRD-K17513304|3.3333333333307689,T1
C-7161-01-LM6-002,L03,BRD-K17513304,1.1111111111153846,1.1111111111153846,BRD-K17513304|1.1111111111153846,T1
C-7161-01-LM6-002,L04,BRD-K17513304,0.3703703703692307,0.37037037036923071,BRD-K17513304|0.37037037036923071,T1
C-7161-01-LM6-002,L05,BRD-K17513304,0.1234567901230769,0.12345679012307691,BRD-K17513304|0.12345679012307691,T1
C-7161-01-LM6-002,L06,BRD-K17513304,0.041152263376923,0.041152263376923001,BRD-K17513304|0.041152263376923001,T1
C-7161-01-LM6-002,L07,BRD-K17555800,10.000000000000002,10.000000000000002,BRD-K17555800|10.000000000000002,T2
C-7161-01-LM6-002,L08,BRD-K17555800,3.333333333330769,3.3333333333307689,BRD-K17555800|3.3333333333307689,T2
C-7161-01-LM6-002,L09,BRD-K17555800,1.1111111111153846,1.1111111111153846,BRD-K17555800|1.1111111111153846,T2
C-7161-01-LM6-002,L10,BRD-K17555800,0.3703703703692307,0.37037037036923071,BRD-K17555800|0.37037037036923071,T2
C-7161-01-LM6-002,L11,BRD-K17555800,0.1234567901230769,0.12345679012307691,BRD-K17555800|0.12345679012307691,T2
C-7161-01-LM6-002,L12,BRD-K17555800,0.041152263376923,0.041152263376923001,BRD-K17555800|0.041152263376923001,T2
C-7161-01-LM6-002,L13,BRD-A17655518,10.000000000000002,10.000000000000002,BRD-A17655518|10.000000000000002,T2
C-7161-01-LM6-002,L14,BRD-A17655518,3.333333333330769,3.3333333333307689,BRD-A17655518|3.3333333333307689,T2
C-7161-01-LM6-002,L15,BRD-A17655518,1.1111111111153846,1.1111111111153846,BRD-A17655518|1.1111111111153846,T2
C-7161-01-LM6-002,L16,BRD-A17655518,0.3703703703692307,0.37037037036923071,BRD-A17655518|0.37037037036923071,T2
C-7161-01-LM6-002,L17,BRD-A17655518,0.1234567901230769,0.12345679012307691,BRD-A17655518|0.12345679012307691,T2
C-7161-01-LM6-002,L18,BRD-A17655518,0.041152263376923,0.041152263376923001,BRD-A17655518|0.041152263376923001,T2
C-7161-01-LM6-002,L19,BRD-K17743125,10.000000000000002,10.000000000000002,BRD-K17743125|10.000000000000002,T1
C-7161-01-LM6-002,L20,BRD-K17743125,3.333333333330769,3.3333333333307689,BRD-K17743125|3.3333333333307689,T1
C-7161-01-LM6-002,L21,BRD-K17743125,1.1111111111153846,1.1111111111153846,BRD-K17743125|1.1111111111153846,T1
C-7161-01-LM6-002,L22,BRD-K17743125,0.3703703703692307,0.37037037036923071,BRD-K17743125|0.37037037036923071,T1
C-7161-01-LM6-002,L23,BRD-K17743125,0.1234567901230769,0.12345679012307691,BRD-K17743125|0.12345679012307691,T1
C-7161-01-LM6-002,L24,BRD-K17743125,0.041152263376923,0.041152263376923001,BRD-K17743125|0.041152263376923001,T1
C-7161-01-LM6-002,M01,BRD-K17849083,10.000000000000002,10.000000000000002,BRD-K17849083|10.000000000000002,T2
C-7161-01-LM6-002,M02,BRD-K17849083,3.333333333330769,3.3333333333307689,BRD-K17849083|3.3333333333307689,T2
C-7161-01-LM6-002,M03,BRD-K17849083,1.1111111111153846,1.1111111111153846,BRD-K17849083|1.1111111111153846,T2
C-7161-01-LM6-002,M04,BRD-K17849083,0.3703703703692307,0.37037037036923071,BRD-K17849083|0.37037037036923071,T2
C-7161-01-LM6-002,M05,BRD-K17849083,0.1234567901230769,0.12345679012307691,BRD-K17849083|0.12345679012307691,T2
C-7161-01-LM6-002,M06,BRD-K17849083,0.041152263376923,0.041152263376923001,BRD-K17849083|0.041152263376923001,T2
C-7161-01-LM6-002,M07,BRD-K17894950,10.000000000000002,10.000000000000002,BRD-K17894950|10.000000000000002,T2
C-7161-01-LM6-002,M08,BRD-K17894950,3.333333333330769,3.3333333333307689,BRD-K17894950|3.3333333333307689,T2
C-7161-01-LM6-002,M09,BRD-K17894950,1.1111111111153846,1.1111111111153846,BRD-K17894950|1.1111111111153846,T2
C-7161-01-LM6-002,M10,BRD-K17894950,0.3703703703692307,0.37037037036923071,BRD-K17894950|0.37037037036923071,T2
C-7161-01-LM6-002,M11,BRD-K17894950,0.1234567901230769,0.12345679012307691,BRD-K17894950|0.12345679012307691,T2
C-7161-01-LM6-002,M12,BRD-K17894950,0.041152263376923,0.041152263376923001,BRD-K17894950|0.041152263376923001,T2
C-7161-01-LM6-002,M13,BRD-K17944737,10.000000000000002,10.000000000000002,BRD-K17944737|10.000000000000002,validation
C-7161-01-LM6-002,M14,BRD-K17944737,3.333333333330769,3.3333333333307689,BRD-K17944737|3.3333333333307689,validation
C-7161-01-LM6-002,M15,BRD-K17944737,1.1111111111153846,1.1111111111153846,BRD-K17944737|1.1111111111153846,validation
C-7161-01-LM6-002,M16,BRD-K17944737,0.3703703703692307,0.37037037036923071,BRD-K17944737|0.37037037036923071,validation
C-7161-01-LM6-002,M17,BRD-K17944737,0.1234567901230769,0.12345679012307691,BRD-K17944737|0.12345679012307691,validation
C-7161-01-LM6-002,M18,BRD-K17944737,0.041152263376923,0.041152263376923001,BRD-K17944737|0.041152263376923001,validation
C-7161-01-LM6-002,M19,BRD-A18043272,10.000000000000002,10.000000000000002,BRD-A18043272|10.000000000000002,T1
C-7161-01-LM6-002,M20,BRD-A18043272,3.333333333330769,3.3333333333307689,BRD-A18043272|3.3333333333307689,T1
C-7161-01-LM6-002,M21,BRD-A18043272,1.1111111111153846,1.1111111111153846,BRD-A18043272|1.1111111111153846,T1
C-7161-01-LM6-002,M22,BRD-A18043272,0.3703703703692307,0.37037037036923071,BRD-A18043272|0.37037037036923071,T1
C-7161-01-LM6-002,M23,BRD-A18043272,0.1234567901230769,0.12345679012307691,BRD-A18043272|0.12345679012307691,T1
C-7161-01-LM6-002,M24,BRD-A18043272,0.041152263376923,0.041152263376923001,BRD-A18043272|0.041152263376923001,T1
C-7161-01-LM6-002,N01,BRD-A17883755,10.000000000000002,10.000000000000002,BRD-A17883755|10.000000000000002,T1
C-7161-01-LM6-002,N02,BRD-A17883755,3.333333333330769,3.3333333333307689,BRD-A17883755|3.3333333333307689,T1
C-7161-01-LM6-002,N03,BRD-A17883755,1.1111111111153846,1.1111111111153846,BRD-A17883755|1.1111111111153846,T1
C-7161-01-LM6-002,N04,BRD-A17883755,0.3703703703692307,0.37037037036923071,BRD-A17883755|0.37037037036923071,T1
C-7161-01-LM6-002,N05,BRD-A17883755,0.1234567901230769,0.12345679012307691,BRD-A17883755|0.12345679012307691,T1
C-7161-01-LM6-002,N06,BRD-A17883755,0.041152263376923,0.041152263376923001,BRD-A17883755|0.041152263376923001,T1
C-7161-01-LM6-002,N07,BRD-K17930269,10.000000000000002,10.000000000000002,BRD-K17930269|10.000000000000002,T1
C-7161-01-LM6-002,N08,BRD-K17930269,3.333333333330769,3.3333333333307689,BRD-K17930269|3.3333333333307689,T1
C-7161-01-LM6-002,N09,BRD-K17930269,1.1111111111153846,1.1111111111153846,BRD-K17930269|1.1111111111153846,T1
C-7161-01-LM6-002,N10,BRD-K17930269,0.3703703703692307,0.37037037036923071,BRD-K17930269|0.37037037036923071,T1
C-7161-01-LM6-002,N11,BRD-K17930269,0.1234567901230769,0.12345679012307691,BRD-K17930269|0.12345679012307691,T1
C-7161-01-LM6-002,N12,BRD-K17930269,0.041152263376923,0.041152263376923001,BRD-K17930269|0.041152263376923001,T1
C-7161-01-LM6-002,N13,BRD-K17953908,10.000000000000002,10.000000000000002,BRD-K17953908|10.000000000000002,T1
C-7161-01-LM6-002,N14,BRD-K17953908,3.333333333330769,3.3333333333307689,BRD-K17953908|3.3333333333307689,T1
C-7161-01-LM6-002,N15,BRD-K17953908,1.1111111111153846,1.1111111111153846,BRD-K17953908|1.1111111111153846,T1
C-7161-01-LM6-002,N16,BRD-K17953908,0.3703703703692307,0.37037037036923071,BRD-K17953908|0.37037037036923071,T1
C-7161-01-LM6-002,N17,BRD-K17953908,0.1234567901230769,0.12345679012307691,BRD-K17953908|0.12345679012307691,T1
C-7161-01-LM6-002,N18,BRD-K17953908,0.041152263376923,0.041152263376923001,BRD-K17953908|0.041152263376923001,T1
C-7161-01-LM6-002,N19,BRD-K99964838,10.000000000000002,10.000000000000002,BRD-K99964838|10.000000000000002,T1
C-7161-01-LM6-002,N20,BRD-K99964838,3.333333333330769,3.3333333333307689,BRD-K99964838|3.3333333333307689,T1
C-7161-01-LM6-002,N21,BRD-K99964838,1.1111111111153846,1.1111111111153846,BRD-K99964838|1.1111111111153846,T1
C-7161-01-LM6-002,N22,BRD-K99964838,0.3703703703692307,0.37037037036923071,BRD-K99964838|0.37037037036923071,T1
C-7161-01-LM6-002,N23,BRD-K99964838,0.1234567901230769,0.12345679012307691,BRD-K99964838|0.12345679012307691,T1
C-7161-01-LM6-002,N24,BRD-K99964838,0.041152263376923,0.041152263376923001,BRD-K99964838|0.041152263376923001,T1
C-7161-01-LM6-002,O07,BRD-K18194590,10.000000000000002,10.000000000000002,BRD-K18194590|10.000000000000002,reserve
C-7161-01-LM6-002,O08,BRD-K18194590,3.333333333330769,3.3333333333307689,BRD-K18194590|3.3333333333307689,reserve
C-7161-01-LM6-002,O09,BRD-K18194590,1.1111111111153846,1.1111111111153846,BRD-K18194590|1.1111111111153846,reserve
C-7161-01-LM6-002,O10,BRD-K18194590,0.3703703703692307,0.37037037036923071,BRD-K18194590|0.37037037036923071,reserve
C-7161-01-LM6-002,O11,BRD-K18194590,0.1234567901230769,0.12345679012307691,BRD-K18194590|0.12345679012307691,reserve
C-7161-01-LM6-002,O12,BRD-K18194590,0.041152263376923,0.041152263376923001,BRD-K18194590|0.041152263376923001,reserve
C-7161-01-LM6-002,O13,BRD-K12184916,10.000000000000002,10.000000000000002,BRD-K12184916|10.000000000000002,T1
C-7161-01-LM6-002,O14,BRD-K12184916,3.333333333330769,3.3333333333307689,BRD-K12184916|3.3333333333307689,T1
C-7161-01-LM6-002,O15,BRD-K12184916,1.1111111111153846,1.1111111111153846,BRD-K12184916|1.1111111111153846,T1
C-7161-01-LM6-002,O16,BRD-K12184916,0.3703703703692307,0.37037037036923071,BRD-K12184916|0.37037037036923071,T1
C-7161-01-LM6-002,O17,BRD-K12184916,0.1234567901230769,0.12345679012307691,BRD-K12184916|0.12345679012307691,T1
C-7161-01-LM6-002,O18,BRD-K12184916,0.041152263376923,0.041152263376923001,BRD-K12184916|0.041152263376923001,T1
C-7161-01-LM6-002,O19,BRD-K18673820,10.000000000000002,10.000000000000002,BRD-K18673820|10.000000000000002,T1
C-7161-01-LM6-002,O20,BRD-K18673820,3.333333333330769,3.3333333333307689,BRD-K18673820|3.3333333333307689,T1
C-7161-01-LM6-002,O21,BRD-K18673820,1.1111111111153846,1.1111111111153846,BRD-K18673820|1.1111111111153846,T1
C-7161-01-LM6-002,O22,BRD-K18673820,0.3703703703692307,0.37037037036923071,BRD-K18673820|0.37037037036923071,T1
C-7161-01-LM6-002,O23,BRD-K18673820,0.1234567901230769,0.12345679012307691,BRD-K18673820|0.12345679012307691,T1
C-7161-01-LM6-002,O24,BRD-K18673820,0.041152263376923,0.041152263376923001,BRD-K18673820|0.041152263376923001,T1
C-7161-01-LM6-002,P01,BRD-K18157228,10.000000000000002,10.000000000000002,BRD-K18157228|10.000000000000002,T1
C-7161-01-LM6-002,P02,BRD-K18157228,3.333333333333333,3.333333333333333,BRD-K18157228|3.333333333333333,T1
C-7161-01-LM6-002,P03,BRD-K18157228,1.1111111111111112,1.1111111111111112,BRD-K18157228|1.1111111111111112,T1
C-7161-01-LM6-002,P04,BRD-K18157228,0.3703703703703703,0.37037037037037029,BRD-K18157228|0.37037037037037029,T1
C-7161-01-LM6-002,P05,BRD-K18157228,0.1234567901234567,0.1234567901234567,BRD-K18157228|0.1234567901234567,T1
C-7161-01-LM6-002,P06,BRD-K18157228,0.0411522633744856,0.041152263374485597,BRD-K18157228|0.041152263374485597,T1
C-7161-01-LM6-002,P07,BRD-K18324993,10.000000000000002,10.000000000000002,BRD-K18324993|10.000000000000002,T1
C-7161-01-LM6-002,P08,BRD-K18324993,3.333333333333333,3.333333333333333,BRD-K18324993|3.333333333333333,T1
C-7161-01-LM6-002,P09,BRD-K18324993,1.1111111111111112,1.1111111111111112,BRD-K18324993|1.1111111111111112,T1
C-7161-01-LM6-002,P10,BRD-K18324993,0.3703703703703703,0.37037037037037029,BRD-K18324993|0.37037037037037029,T1
C-7161-01-LM6-002,P11,BRD-K18324993,0.1234567901234568,0.1234567901234568,BRD-K18324993|0.1234567901234568,T1
C-7161-01-LM6-002,P12,BRD-K18324993,0.0411522633744855,0.0411522633744855,BRD-K18324993|0.0411522633744855,T1
C-7161-01-LM6-002,P13,BRD-A18620900,10.000000000000002,10.000000000000002,BRD-A18620900|10.000000000000002,T2
C-7161-01-LM6-002,P14,BRD-A18620900,3.333333333330769,3.3333333333307689,BRD-A18620900|3.3333333333307689,T2
C-7161-01-LM6-002,P15,BRD-A18620900,1.1111111111153846,1.1111111111153846,BRD-A18620900|1.1111111111153846,T2
C-7161-01-LM6-002,P16,BRD-A18620900,0.3703703703692307,0.37037037036923071,BRD-A18620900|0.37037037036923071,T2
C-7161-01-LM6-002,P17,BRD-A18620900,0.1234567901230769,0.12345679012307691,BRD-A18620900|0.12345679012307691,T2
C-7161-01-LM6-002,P18,BRD-A18620900,0.041152263376923,0.041152263376923001,BRD-A18620900|0.041152263376923001,T2
C-7161-01-LM6-002,P19,BRD-K18678457,10.000000000000002,10.000000000000002,BRD-K18678457|10.000000000000002,T2
C-7161-01-LM6-002,P20,BRD-K18678457,3.333333333330769,3.3333333333307689,BRD-K18678457|3.3333333333307689,T2
C-7161-01-LM6-002,P21,BRD-K18678457,1.1111111111153846,1.1111111111153846,BRD-K18678457|1.1111111111153846,T2
C-7161-01-LM6-002,P22,BRD-K18678457,0.3703703703692307,0.37037037036923071,BRD-K18678457|0.37037037036923071,T2
C-7161-01-LM6-002,P23,BRD-K18678457,0.1234567901230769,0.12345679012307691,BRD-K18678457|0.12345679012307691,T2
C-7161-01-LM6-002,P24,BRD-K18678457,0.041152263376923,0.041152263376923001,BRD-K18678457|0.041152263376923001,T2
C-7161-01-LM6-003,A07,BRD-K31111078,10.000000000000002,10.000000000000002,BRD-K31111078|10.000000000000002,T2
C-7161-01-LM6-003,A08,BRD-K31111078,3.333333333330769,3.3333333333307689,BRD-K31111078|3.3333333333307689,T2
C-7161-01-LM6-003,A09,BRD-K31111078,1.1111111111153846,1.1111111111153846,BRD-K31111078|1.1111111111153846,T2
C-7161-01-LM6-003,A10,BRD-K31111078,0.3703703703692307,0.37037037036923071,BRD-K31111078|0.37037037036923071,T2
C-7161-01-LM6-003,A11,BRD-K31111078,0.1234567901230769,0.12345679012307691,BRD-K31111078|0.12345679012307691,T2
C-7161-01-LM6-003,A12,BRD-K31111078,0.041152263376923,0.041152263376923001,BRD-K31111078|0.041152263376923001,T2
C-7161-01-LM6-003,A13,BRD-A31159102,10.000000000000002,10.000000000000002,BRD-A31159102|10.000000000000002,T1
C-7161-01-LM6-003,A14,BRD-A31159102,3.333333333330769,3.3333333333307689,BRD-A31159102|3.3333333333307689,T1
C-7161-01-LM6-003,A15,BRD-A31159102,1.1111111111153846,1.1111111111153846,BRD-A31159102|1.1111111111153846,T1
C-7161-01-LM6-003,A16,BRD-A31159102,0.3703703703692307,0.37037037036923071,BRD-A31159102|0.37037037036923071,T1
C-7161-01-LM6-003,A17,BRD-A31159102,0.1234567901230769,0.12345679012307691,BRD-A31159102|0.12345679012307691,T1
C-7161-01-LM6-003,A18,BRD-A31159102,0.041152263376923,0.041152263376923001,BRD-A31159102|0.041152263376923001,T1
C-7161-01-LM6-003,A19,BRD-K23499943,10.000000000000002,10.000000000000002,BRD-K23499943|10.000000000000002,T1
C-7161-01-LM6-003,A20,BRD-K23499943,3.333333333330769,3.3333333333307689,BRD-K23499943|3.3333333333307689,T1
C-7161-01-LM6-003,A21,BRD-K23499943,1.1111111111153846,1.1111111111153846,BRD-K23499943|1.1111111111153846,T1
C-7161-01-LM6-003,A22,BRD-K23499943,0.3703703703692307,0.37037037036923071,BRD-K23499943|0.37037037036923071,T1
C-7161-01-LM6-003,A23,BRD-K23499943,0.1234567901230769,0.12345679012307691,BRD-K23499943|0.12345679012307691,T1
C-7161-01-LM6-003,A24,BRD-K23499943,0.041152263376923,0.041152263376923001,BRD-K23499943|0.041152263376923001,T1
C-7161-01-LM6-003,B07,BRD-K31135544,10.000000000000002,10.000000000000002,BRD-K31135544|10.000000000000002,validation
C-7161-01-LM6-003,B08,BRD-K31135544,3.333333333330769,3.3333333333307689,BRD-K31135544|3.3333333333307689,validation
C-7161-01-LM6-003,B09,BRD-K31135544,1.1111111111153846,1.1111111111153846,BRD-K31135544|1.1111111111153846,validation
C-7161-01-LM6-003,B10,BRD-K31135544,0.3703703703692307,0.37037037036923071,BRD-K31135544|0.37037037036923071,validation
C-7161-01-LM6-003,B11,BRD-K31135544,0.1234567901230769,0.12345679012307691,BRD-K31135544|0.12345679012307691,validation
C-7161-01-LM6-003,B12,BRD-K31135544,0.041152263376923,0.041152263376923001,BRD-K31135544|0.041152263376923001,validation
C-7161-01-LM6-003,B13,BRD-K31309378,10.000000000000002,10.000000000000002,BRD-K31309378|10.000000000000002,T2
C-7161-01-LM6-003,B14,BRD-K31309378,3.333333333330769,3.3333333333307689,BRD-K31309378|3.3333333333307689,T2
C-7161-01-LM6-003,B15,BRD-K31309378,1.1111111111153846,1.1111111111153846,BRD-K31309378|1.1111111111153846,T2
C-7161-01-LM6-003,B16,BRD-K31309378,0.3703703703692307,0.37037037036923071,BRD-K31309378|0.37037037036923071,T2
C-7161-01-LM6-003,B17,BRD-K31309378,0.1234567901230769,0.12345679012307691,BRD-K31309378|0.12345679012307691,T2
C-7161-01-LM6-003,B18,BRD-K31309378,0.041152263376923,0.041152263376923001,BRD-K31309378|0.041152263376923001,T2
C-7161-01-LM6-003,B19,BRD-K31385749,10.000000000000002,10.000000000000002,BRD-K31385749|10.000000000000002,T1
C-7161-01-LM6-003,B20,BRD-K31385749,3.333333333330769,3.3333333333307689,BRD-K31385749|3.3333333333307689,T1
C-7161-01-LM6-003,B21,BRD-K31385749,1.1111111111153846,1.1111111111153846,BRD-K31385749|1.1111111111153846,T1
C-7161-01-LM6-003,B22,BRD-K31385749,0.3703703703692307,0.37037037036923071,BRD-K31385749|0.37037037036923071,T1
C-7161-01-LM6-003,B23,BRD-K31385749,0.1234567901230769,0.12345679012307691,BRD-K31385749|0.12345679012307691,T1
C-7161-01-LM6-003,B24,BRD-K31385749,0.041152263376923,0.041152263376923001,BRD-K31385749|0.041152263376923001,T1
C-7161-01-LM6-003,C01,BRD-A31521121,10.000000000000002,10.000000000000002,BRD-A31521121|10.000000000000002,T1
C-7161-01-LM6-003,C02,BRD-A31521121,3.333333333330769,3.3333333333307689,BRD-A31521121|3.3333333333307689,T1
C-7161-01-LM6-003,C03,BRD-A31521121,1.1111111111153846,1.1111111111153846,BRD-A31521121|1.1111111111153846,T1
C-7161-01-LM6-003,C04,BRD-A31521121,0.3703703703692307,0.37037037036923071,BRD-A31521121|0.37037037036923071,T1
C-7161-01-LM6-003,C05,BRD-A31521121,0.1234567901230769,0.12345679012307691,BRD-A31521121|0.12345679012307691,T1
C-7161-01-LM6-003,C06,BRD-A31521121,0.041152263376923,0.041152263376923001,BRD-A31521121|0.041152263376923001,T1
C-7161-01-LM6-003,C07,BRD-K31731454,10.000000000000002,10.000000000000002,BRD-K31731454|10.000000000000002,T2
C-7161-01-LM6-003,C08,BRD-K31731454,3.333333333330769,3.3333333333307689,BRD-K31731454|3.3333333333307689,T2
C-7161-01-LM6-003,C09,BRD-K31731454,1.1111111111153846,1.1111111111153846,BRD-K31731454|1.1111111111153846,T2
C-7161-01-LM6-003,C10,BRD-K31731454,0.3703703703692307,0.37037037036923071,BRD-K31731454|0.37037037036923071,T2
C-7161-01-LM6-003,C11,BRD-K31731454,0.1234567901230769,0.12345679012307691,BRD-K31731454|0.12345679012307691,T2
C-7161-01-LM6-003,C12,BRD-K31731454,0.041152263376923,0.041152263376923001,BRD-K31731454|0.041152263376923001,T2
C-7161-01-LM6-003,C13,BRD-K31812033,10.000000000000002,10.000000000000002,BRD-K31812033|10.000000000000002,T1
C-7161-01-LM6-003,C14,BRD-K31812033,3.333333333330769,3.3333333333307689,BRD-K31812033|3.3333333333307689,T1
C-7161-01-LM6-003,C15,BRD-K31812033,1.1111111111153846,1.1111111111153846,BRD-K31812033|1.1111111111153846,T1
C-7161-01-LM6-003,C16,BRD-K31812033,0.3703703703692307,0.37037037036923071,BRD-K31812033|0.37037037036923071,T1
C-7161-01-LM6-003,C17,BRD-K31812033,0.1234567901230769,0.12345679012307691,BRD-K31812033|0.12345679012307691,T1
C-7161-01-LM6-003,C18,BRD-K31812033,0.041152263376923,0.041152263376923001,BRD-K31812033|0.041152263376923001,T1
C-7161-01-LM6-003,D01,BRD-K31627533,10.000000000000002,10.000000000000002,BRD-K31627533|10.000000000000002,validation
C-7161-01-LM6-003,D02,BRD-K31627533,3.333333333330769,3.3333333333307689,BRD-K31627533|3.3333333333307689,validation
C-7161-01-LM6-003,D03,BRD-K31627533,1.1111111111153846,1.1111111111153846,BRD-K31627533|1.1111111111153846,validation
C-7161-01-LM6-003,D04,BRD-K31627533,0.3703703703692307,0.37037037036923071,BRD-K31627533|0.37037037036923071,validation
C-7161-01-LM6-003,D05,BRD-K31627533,0.1234567901230769,0.12345679012307691,BRD-K31627533|0.12345679012307691,validation
C-7161-01-LM6-003,D06,BRD-K31627533,0.041152263376923,0.041152263376923001,BRD-K31627533|0.041152263376923001,validation
C-7161-01-LM6-003,D07,BRD-A31811760,10.000000000000002,10.000000000000002,BRD-A31811760|10.000000000000002,T2
C-7161-01-LM6-003,D08,BRD-A31811760,3.333333333330769,3.3333333333307689,BRD-A31811760|3.3333333333307689,T2
C-7161-01-LM6-003,D09,BRD-A31811760,1.1111111111153846,1.1111111111153846,BRD-A31811760|1.1111111111153846,T2
C-7161-01-LM6-003,D10,BRD-A31811760,0.3703703703692307,0.37037037036923071,BRD-A31811760|0.37037037036923071,T2
C-7161-01-LM6-003,D11,BRD-A31811760,0.1234567901230769,0.12345679012307691,BRD-A31811760|0.12345679012307691,T2
C-7161-01-LM6-003,D12,BRD-A31811760,0.041152263376923,0.041152263376923001,BRD-A31811760|0.041152263376923001,T2
C-7161-01-LM6-003,D13,BRD-K31841515,10.0,10,BRD-K31841515|10,T1
C-7161-01-LM6-003,D14,BRD-K31841515,3.333333333333333,3.333333333333333,BRD-K31841515|3.333333333333333,T1
C-7161-01-LM6-003,D15,BRD-K31841515,1.111111111111111,1.1111111111111109,BRD-K31841515|1.1111111111111109,T1
C-7161-01-LM6-003,D16,BRD-K31841515,0.3703703703703703,0.37037037037037029,BRD-K31841515|0.37037037037037029,T1
C-7161-01-LM6-003,D17,BRD-K31841515,0.1234567901234567,0.1234567901234567,BRD-K31841515|0.1234567901234567,T1
C-7161-01-LM6-003,D18,BRD-K31841515,0.0411522633744855,0.0411522633744855,BRD-K31841515|0.0411522633744855,T1
C-7161-01-LM6-003,D19,BRD-K32101625,10.000000000000002,10.000000000000002,BRD-K32101625|10.000000000000002,T2
C-7161-01-LM6-003,D20,BRD-K32101625,3.333333333330769,3.3333333333307689,BRD-K32101625|3.3333333333307689,T2
C-7161-01-LM6-003,D21,BRD-K32101625,1.1111111111153846,1.1111111111153846,BRD-K32101625|1.1111111111153846,T2
C-7161-01-LM6-003,D22,BRD-K32101625,0.3703703703692307,0.37037037036923071,BRD-K32101625|0.37037037036923071,T2
C-7161-01-LM6-003,D23,BRD-K32101625,0.1234567901230769,0.12345679012307691,BRD-K32101625|0.12345679012307691,T2
C-7161-01-LM6-003,D24,BRD-K32101625,0.041152263376923,0.041152263376923001,BRD-K32101625|0.041152263376923001,T2
C-7161-01-LM6-003,E01,BRD-K32247306,10.000000000000002,10.000000000000002,BRD-K32247306|10.000000000000002,T1
C-7161-01-LM6-003,E02,BRD-K32247306,3.333333333330769,3.3333333333307689,BRD-K32247306|3.3333333333307689,T1
C-7161-01-LM6-003,E03,BRD-K32247306,1.1111111111153846,1.1111111111153846,BRD-K32247306|1.1111111111153846,T1
C-7161-01-LM6-003,E04,BRD-K32247306,0.3703703703692307,0.37037037036923071,BRD-K32247306|0.37037037036923071,T1
C-7161-01-LM6-003,E05,BRD-K32247306,0.1234567901230769,0.12345679012307691,BRD-K32247306|0.12345679012307691,T1
C-7161-01-LM6-003,E06,BRD-K32247306,0.041152263376923,0.041152263376923001,BRD-K32247306|0.041152263376923001,T1
C-7161-01-LM6-003,E07,BRD-K32285926,10.000000000000002,10.000000000000002,BRD-K32285926|10.000000000000002,T2
C-7161-01-LM6-003,E08,BRD-K32285926,3.333333333330769,3.3333333333307689,BRD-K32285926|3.3333333333307689,T2
C-7161-01-LM6-003,E09,BRD-K32285926,1.1111111111153846,1.1111111111153846,BRD-K32285926|1.1111111111153846,T2
C-7161-01-LM6-003,E10,BRD-K32285926,0.3703703703692307,0.37037037036923071,BRD-K32285926|0.37037037036923071,T2
C-7161-01-LM6-003,E11,BRD-K32285926,0.1234567901230769,0.12345679012307691,BRD-K32285926|0.12345679012307691,T2
C-7161-01-LM6-003,E12,BRD-K32285926,0.041152263376923,0.041152263376923001,BRD-K32285926|0.041152263376923001,T2
C-7161-01-LM6-003,E13,BRD-K32405725,10.000000000000002,10.000000000000002,BRD-K32405725|10.000000000000002,T1
C-7161-01-LM6-003,E14,BRD-K32405725,3.333333333330769,3.3333333333307689,BRD-K32405725|3.3333333333307689,T1
C-7161-01-LM6-003,E15,BRD-K32405725,1.1111111111153846,1.1111111111153846,BRD-K32405725|1.1111111111153846,T1
C-7161-01-LM6-003,E16,BRD-K32405725,0.3703703703692307,0.37037037036923071,BRD-K32405725|0.37037037036923071,T1
C-7161-01-LM6-003,E17,BRD-K32405725,0.1234567901230769,0.12345679012307691,BRD-K32405725|0.12345679012307691,T1
C-7161-01-LM6-003,E18,BRD-K32405725,0.041152263376923,0.041152263376923001,BRD-K32405725|0.041152263376923001,T1
C-7161-01-LM6-003,E19,BRD-K32744045,10.000000000000002,10.000000000000002,BRD-K32744045|10.000000000000002,T1
C-7161-01-LM6-003,E20,BRD-K32744045,3.333333333330769,3.3333333333307689,BRD-K32744045|3.3333333333307689,T1
C-7161-01-LM6-003,E21,BRD-K32744045,1.1111111111153846,1.1111111111153846,BRD-K32744045|1.1111111111153846,T1
C-7161-01-LM6-003,E22,BRD-K32744045,0.3703703703692307,0.37037037036923071,BRD-K32744045|0.37037037036923071,T1
C-7161-01-LM6-003,E23,BRD-K32744045,0.1234567901230769,0.12345679012307691,BRD-K32744045|0.12345679012307691,T1
C-7161-01-LM6-003,E24,BRD-K32744045,0.041152263376923,0.041152263376923001,BRD-K32744045|0.041152263376923001,T1
C-7161-01-LM6-003,F01,BRD-A32269193,10.000000000000002,10.000000000000002,BRD-A32269193|10.000000000000002,T2
C-7161-01-LM6-003,F02,BRD-A32269193,3.333333333330769,3.3333333333307689,BRD-A32269193|3.3333333333307689,T2
C-7161-01-LM6-003,F03,BRD-A32269193,1.1111111111153846,1.1111111111153846,BRD-A32269193|1.1111111111153846,T2
C-7161-01-LM6-003,F04,BRD-A32269193,0.3703703703692307,0.37037037036923071,BRD-A32269193|0.37037037036923071,T2
C-7161-01-LM6-003,F05,BRD-A32269193,0.1234567901230769,0.12345679012307691,BRD-A32269193|0.12345679012307691,T2
C-7161-01-LM6-003,F06,BRD-A32269193,0.041152263376923,0.041152263376923001,BRD-A32269193|0.041152263376923001,T2
C-7161-01-LM6-003,F13,BRD-K32501161,10.000000000000002,10.000000000000002,BRD-K32501161|10.000000000000002,T2
C-7161-01-LM6-003,F14,BRD-K32501161,3.333333333330769,3.3333333333307689,BRD-K32501161|3.3333333333307689,T2
C-7161-01-LM6-003,F15,BRD-K32501161,1.1111111111153846,1.1111111111153846,BRD-K32501161|1.1111111111153846,T2
C-7161-01-LM6-003,F16,BRD-K32501161,0.3703703703692307,0.37037037036923071,BRD-K32501161|0.37037037036923071,T2
C-7161-01-LM6-003,F17,BRD-K32501161,0.1234567901230769,0.12345679012307691,BRD-K32501161|0.12345679012307691,T2
C-7161-01-LM6-003,F18,BRD-K32501161,0.041152263376923,0.041152263376923001,BRD-K32501161|0.041152263376923001,T2
C-7161-01-LM6-003,F19,BRD-K32821942,10.000000000000002,10.000000000000002,BRD-K32821942|10.000000000000002,T2
C-7161-01-LM6-003,F20,BRD-K32821942,3.333333333330769,3.3333333333307689,BRD-K32821942|3.3333333333307689,T2
C-7161-01-LM6-003,F21,BRD-K32821942,1.1111111111153846,1.1111111111153846,BRD-K32821942|1.1111111111153846,T2
C-7161-01-LM6-003,F22,BRD-K32821942,0.3703703703692307,0.37037037036923071,BRD-K32821942|0.37037037036923071,T2
C-7161-01-LM6-003,F23,BRD-K32821942,0.1234567901230769,0.12345679012307691,BRD-K32821942|0.12345679012307691,T2
C-7161-01-LM6-003,F24,BRD-K32821942,0.041152263376923,0.041152263376923001,BRD-K32821942|0.041152263376923001,T2
C-7161-01-LM6-003,G01,BRD-K33141550,10.000000000000002,10.000000000000002,BRD-K33141550|10.000000000000002,T1
C-7161-01-LM6-003,G02,BRD-K33141550,3.333333333330769,3.3333333333307689,BRD-K33141550|3.3333333333307689,T1
C-7161-01-LM6-003,G03,BRD-K33141550,1.1111111111153846,1.1111111111153846,BRD-K33141550|1.1111111111153846,T1
C-7161-01-LM6-003,G04,BRD-K33141550,0.3703703703692307,0.37037037036923071,BRD-K33141550|0.37037037036923071,T1
C-7161-01-LM6-003,G05,BRD-K33141550,0.1234567901230769,0.12345679012307691,BRD-K33141550|0.12345679012307691,T1
C-7161-01-LM6-003,G06,BRD-K33141550,0.041152263376923,0.041152263376923001,BRD-K33141550|0.041152263376923001,T1
C-7161-01-LM6-003,G07,BRD-K33211335,10.000000000000002,10.000000000000002,BRD-K33211335|10.000000000000002,T1
C-7161-01-LM6-003,G08,BRD-K33211335,3.333333333330769,3.3333333333307689,BRD-K33211335|3.3333333333307689,T1
C-7161-01-LM6-003,G09,BRD-K33211335,1.1111111111153846,1.1111111111153846,BRD-K33211335|1.1111111111153846,T1
C-7161-01-LM6-003,G10,BRD-K33211335,0.3703703703692307,0.37037037036923071,BRD-K33211335|0.37037037036923071,T1
C-7161-01-LM6-003,G11,BRD-K33211335,0.1234567901230769,0.12345679012307691,BRD-K33211335|0.12345679012307691,T1
C-7161-01-LM6-003,G12,BRD-K33211335,0.041152263376923,0.041152263376923001,BRD-K33211335|0.041152263376923001,T1
C-7161-01-LM6-003,G19,BRD-A33447119,10.000000000000002,10.000000000000002,BRD-A33447119|10.000000000000002,T2
C-7161-01-LM6-003,G20,BRD-A33447119,3.333333333330769,3.3333333333307689,BRD-A33447119|3.3333333333307689,T2
C-7161-01-LM6-003,G21,BRD-A33447119,1.1111111111153846,1.1111111111153846,BRD-A33447119|1.1111111111153846,T2
C-7161-01-LM6-003,G22,BRD-A33447119,0.3703703703692307,0.37037037036923071,BRD-A33447119|0.37037037036923071,T2
C-7161-01-LM6-003,G23,BRD-A33447119,0.1234567901230769,0.12345679012307691,BRD-A33447119|0.12345679012307691,T2
C-7161-01-LM6-003,G24,BRD-A33447119,0.041152263376923,0.041152263376923001,BRD-A33447119|0.041152263376923001,T2
C-7161-01-LM6-003,H01,BRD-A33168282,10.000000000000002,10.000000000000002,BRD-A33168282|10.000000000000002,T1
C-7161-01-LM6-003,H02,BRD-A33168282,3.333333333330769,3.3333333333307689,BRD-A33168282|3.3333333333307689,T1
C-7161-01-LM6-003,H03,BRD-A33168282,1.1111111111153846,1.1111111111153846,BRD-A33168282|1.1111111111153846,T1
C-7161-01-LM6-003,H04,BRD-A33168282,0.3703703703692307,0.37037037036923071,BRD-A33168282|0.37037037036923071,T1
C-7161-01-LM6-003,H05,BRD-A33168282,0.1234567901230769,0.12345679012307691,BRD-A33168282|0.12345679012307691,T1
C-7161-01-LM6-003,H06,BRD-A33168282,0.041152263376923,0.041152263376923001,BRD-A33168282|0.041152263376923001,T1
C-7161-01-LM6-003,H07,BRD-K33226500,10.000000000000002,10.000000000000002,BRD-K33226500|10.000000000000002,T2
C-7161-01-LM6-003,H08,BRD-K33226500,3.333333333330769,3.3333333333307689,BRD-K33226500|3.3333333333307689,T2
C-7161-01-LM6-003,H09,BRD-K33226500,1.1111111111153846,1.1111111111153846,BRD-K33226500|1.1111111111153846,T2
C-7161-01-LM6-003,H10,BRD-K33226500,0.3703703703692307,0.37037037036923071,BRD-K33226500|0.37037037036923071,T2
C-7161-01-LM6-003,H11,BRD-K33226500,0.1234567901230769,0.12345679012307691,BRD-K33226500|0.12345679012307691,T2
C-7161-01-LM6-003,H12,BRD-K33226500,0.041152263376923,0.041152263376923001,BRD-K33226500|0.041152263376923001,T2
C-7161-01-LM6-003,H13,BRD-K33379087,10.000000000000002,10.000000000000002,BRD-K33379087|10.000000000000002,T1
C-7161-01-LM6-003,H14,BRD-K33379087,3.333333333330769,3.3333333333307689,BRD-K33379087|3.3333333333307689,T1
C-7161-01-LM6-003,H15,BRD-K33379087,1.1111111111153846,1.1111111111153846,BRD-K33379087|1.1111111111153846,T1
C-7161-01-LM6-003,H16,BRD-K33379087,0.3703703703692307,0.37037037036923071,BRD-K33379087|0.37037037036923071,T1
C-7161-01-LM6-003,H17,BRD-K33379087,0.1234567901230769,0.12345679012307691,BRD-K33379087|0.12345679012307691,T1
C-7161-01-LM6-003,H18,BRD-K33379087,0.041152263376923,0.041152263376923001,BRD-K33379087|0.041152263376923001,T1
C-7161-01-LM6-003,H19,BRD-K33453211,10.000000000000002,10.000000000000002,BRD-K33453211|10.000000000000002,T1
C-7161-01-LM6-003,H20,BRD-K33453211,3.333333333330769,3.3333333333307689,BRD-K33453211|3.3333333333307689,T1
C-7161-01-LM6-003,H21,BRD-K33453211,1.1111111111153846,1.1111111111153846,BRD-K33453211|1.1111111111153846,T1
C-7161-01-LM6-003,H22,BRD-K33453211,0.3703703703692307,0.37037037036923071,BRD-K33453211|0.37037037036923071,T1
C-7161-01-LM6-003,H23,BRD-K33453211,0.1234567901230769,0.12345679012307691,BRD-K33453211|0.12345679012307691,T1
C-7161-01-LM6-003,H24,BRD-K33453211,0.041152263376923,0.041152263376923001,BRD-K33453211|0.041152263376923001,T1
C-7161-01-LM6-003,I01,BRD-A33711280,10.000000000000002,10.000000000000002,BRD-A33711280|10.000000000000002,T1
C-7161-01-LM6-003,I02,BRD-A33711280,3.333333333330769,3.3333333333307689,BRD-A33711280|3.3333333333307689,T1
C-7161-01-LM6-003,I03,BRD-A33711280,1.1111111111153846,1.1111111111153846,BRD-A33711280|1.1111111111153846,T1
C-7161-01-LM6-003,I04,BRD-A33711280,0.3703703703692307,0.37037037036923071,BRD-A33711280|0.37037037036923071,T1
C-7161-01-LM6-003,I05,BRD-A33711280,0.1234567901230769,0.12345679012307691,BRD-A33711280|0.12345679012307691,T1
C-7161-01-LM6-003,I06,BRD-A33711280,0.041152263376923,0.041152263376923001,BRD-A33711280|0.041152263376923001,T1
C-7161-01-LM6-003,I07,BRD-K33852358,10.000000000000002,10.000000000000002,BRD-K33852358|10.000000000000002,T2
C-7161-01-LM6-003,I08,BRD-K33852358,3.333333333333333,3.333333333333333,BRD-K33852358|3.333333333333333,T2
C-7161-01-LM6-003,I09,BRD-K33852358,1.1111111111111112,1.1111111111111112,BRD-K33852358|1.1111111111111112,T2
C-7161-01-LM6-003,I10,BRD-K33852358,0.3703703703703703,0.37037037037037029,BRD-K33852358|0.37037037037037029,T2
C-7161-01-LM6-003,I11,BRD-K33852358,0.1234567901234567,0.1234567901234567,BRD-K33852358|0.1234567901234567,T2
C-7161-01-LM6-003,I12,BRD-K33852358,0.0411522633744855,0.0411522633744855,BRD-K33852358|0.0411522633744855,T2
C-7161-01-LM6-003,I13,BRD-A34006693,10.000000000000002,10.000000000000002,BRD-A34006693|10.000000000000002,T1
C-7161-01-LM6-003,I14,BRD-A34006693,3.333333333330769,3.3333333333307689,BRD-A34006693|3.3333333333307689,T1
C-7161-01-LM6-003,I15,BRD-A34006693,1.1111111111153846,1.1111111111153846,BRD-A34006693|1.1111111111153846,T1
C-7161-01-LM6-003,I16,BRD-A34006693,0.3703703703692307,0.37037037036923071,BRD-A34006693|0.37037037036923071,T1
C-7161-01-LM6-003,I17,BRD-A34006693,0.1234567901230769,0.12345679012307691,BRD-A34006693|0.12345679012307691,T1
C-7161-01-LM6-003,I18,BRD-A34006693,0.041152263376923,0.041152263376923001,BRD-A34006693|0.041152263376923001,T1
C-7161-01-LM6-003,I19,BRD-K34022604,10.000000000000002,10.000000000000002,BRD-K34022604|10.000000000000002,T2
C-7161-01-LM6-003,I20,BRD-K34022604,3.333333333330769,3.3333333333307689,BRD-K34022604|3.3333333333307689,T2
C-7161-01-LM6-003,I21,BRD-K34022604,1.1111111111153846,1.1111111111153846,BRD-K34022604|1.1111111111153846,T2
C-7161-01-LM6-003,I22,BRD-K34022604,0.3703703703692307,0.37037037036923071,BRD-K34022604|0.37037037036923071,T2
C-7161-01-LM6-003,I23,BRD-K34022604,0.1234567901230769,0.12345679012307691,BRD-K34022604|0.12345679012307691,T2
C-7161-01-LM6-003,I24,BRD-K34022604,0.041152263376923,0.041152263376923001,BRD-K34022604|0.041152263376923001,T2
C-7161-01-LM6-003,J01,BRD-K33732501,10.000000000000002,10.000000000000002,BRD-K33732501|10.000000000000002,T1
C-7161-01-LM6-003,J02,BRD-K33732501,3.333333333330769,3.3333333333307689,BRD-K33732501|3.3333333333307689,T1
C-7161-01-LM6-003,J03,BRD-K33732501,1.1111111111153846,1.1111111111153846,BRD-K33732501|1.1111111111153846,T1
C-7161-01-LM6-003,J04,BRD-K33732501,0.3703703703692307,0.37037037036923071,BRD-K33732501|0.37037037036923071,T1
C-7161-01-LM6-003,J05,BRD-K33732501,0.1234567901230769,0.12345679012307691,BRD-K33732501|0.12345679012307691,T1
C-7161-01-LM6-003,J06,BRD-K33732501,0.041152263376923,0.041152263376923001,BRD-K33732501|0.041152263376923001,T1
C-7161-01-LM6-003,J07,BRD-K33882852,10.000000000000002,10.000000000000002,BRD-K33882852|10.000000000000002,T2
C-7161-01-LM6-003,J08,BRD-K33882852,3.333333333330769,3.3333333333307689,BRD-K33882852|3.3333333333307689,T2
C-7161-01-LM6-003,J09,BRD-K33882852,1.1111111111153846,1.1111111111153846,BRD-K33882852|1.1111111111153846,T2
C-7161-01-LM6-003,J10,BRD-K33882852,0.3703703703692307,0.37037037036923071,BRD-K33882852|0.37037037036923071,T2
C-7161-01-LM6-003,J11,BRD-K33882852,0.1234567901230769,0.12345679012307691,BRD-K33882852|0.12345679012307691,T2
C-7161-01-LM6-003,J12,BRD-K33882852,0.041152263376923,0.041152263376923001,BRD-K33882852|0.041152263376923001,T2
C-7161-01-LM6-003,J19,BRD-K34154330,10.000000000000002,10.000000000000002,BRD-K34154330|10.000000000000002,validation
C-7161-01-LM6-003,J20,BRD-K34154330,3.333333333330769,3.3333333333307689,BRD-K34154330|3.3333333333307689,validation
C-7161-01-LM6-003,J21,BRD-K34154330,1.1111111111153846,1.1111111111153846,BRD-K34154330|1.1111111111153846,validation
C-7161-01-LM6-003,J22,BRD-K34154330,0.3703703703692307,0.37037037036923071,BRD-K34154330|0.37037037036923071,validation
C-7161-01-LM6-003,J23,BRD-K34154330,0.1234567901230769,0.12345679012307691,BRD-K34154330|0.12345679012307691,validation
C-7161-01-LM6-003,J24,BRD-K34154330,0.041152263376923,0.041152263376923001,BRD-K34154330|0.041152263376923001,validation
C-7161-01-LM6-003,K01,BRD-K96550715,10.000000000000002,10.000000000000002,BRD-K96550715|10.000000000000002,validation
C-7161-01-LM6-003,K02,BRD-K96550715,3.333333333330769,3.3333333333307689,BRD-K96550715|3.3333333333307689,validation
C-7161-01-LM6-003,K03,BRD-K96550715,1.1111111111153846,1.1111111111153846,BRD-K96550715|1.1111111111153846,validation
C-7161-01-LM6-003,K04,BRD-K96550715,0.3703703703692307,0.37037037036923071,BRD-K96550715|0.37037037036923071,validation
C-7161-01-LM6-003,K05,BRD-K96550715,0.1234567901230769,0.12345679012307691,BRD-K96550715|0.12345679012307691,validation
C-7161-01-LM6-003,K06,BRD-K96550715,0.041152263376923,0.041152263376923001,BRD-K96550715|0.041152263376923001,validation
C-7161-01-LM6-003,K13,BRD-A34513497,10.000000000000002,10.000000000000002,BRD-A34513497|10.000000000000002,T2
C-7161-01-LM6-003,K14,BRD-A34513497,3.333333333330769,3.3333333333307689,BRD-A34513497|3.3333333333307689,T2
C-7161-01-LM6-003,K15,BRD-A34513497,1.1111111111153846,1.1111111111153846,BRD-A34513497|1.1111111111153846,T2
C-7161-01-LM6-003,K16,BRD-A34513497,0.3703703703692307,0.37037037036923071,BRD-A34513497|0.37037037036923071,T2
C-7161-01-LM6-003,K17,BRD-A34513497,0.1234567901230769,0.12345679012307691,BRD-A34513497|0.12345679012307691,T2
C-7161-01-LM6-003,K18,BRD-A34513497,0.041152263376923,0.041152263376923001,BRD-A34513497|0.041152263376923001,T2
C-7161-01-LM6-003,K19,BRD-K34776109,10.000000000000002,10.000000000000002,BRD-K34776109|10.000000000000002,T2
C-7161-01-LM6-003,K20,BRD-K34776109,3.333333333330769,3.3333333333307689,BRD-K34776109|3.3333333333307689,T2
C-7161-01-LM6-003,K21,BRD-K34776109,1.1111111111153846,1.1111111111153846,BRD-K34776109|1.1111111111153846,T2
C-7161-01-LM6-003,K22,BRD-K34776109,0.3703703703692307,0.37037037036923071,BRD-K34776109|0.37037037036923071,T2
C-7161-01-LM6-003,K23,BRD-K34776109,0.1234567901230769,0.12345679012307691,BRD-K34776109|0.12345679012307691,T2
C-7161-01-LM6-003,K24,BRD-K34776109,0.041152263376923,0.041152263376923001,BRD-K34776109|0.041152263376923001,T2
C-7161-01-LM6-003,L01,BRD-K34341643,10.000000000000002,10.000000000000002,BRD-K34341643|10.000000000000002,T2
C-7161-01-LM6-003,L02,BRD-K34341643,3.333333333330769,3.3333333333307689,BRD-K34341643|3.3333333333307689,T2
C-7161-01-LM6-003,L03,BRD-K34341643,1.1111111111153846,1.1111111111153846,BRD-K34341643|1.1111111111153846,T2
C-7161-01-LM6-003,L04,BRD-K34341643,0.3703703703692307,0.37037037036923071,BRD-K34341643|0.37037037036923071,T2
C-7161-01-LM6-003,L05,BRD-K34341643,0.1234567901230769,0.12345679012307691,BRD-K34341643|0.12345679012307691,T2
C-7161-01-LM6-003,L06,BRD-K34341643,0.041152263376923,0.041152263376923001,BRD-K34341643|0.041152263376923001,T2
C-7161-01-LM6-003,L07,BRD-K34469523,10.000000000000002,10.000000000000002,BRD-K34469523|10.000000000000002,T2
C-7161-01-LM6-003,L08,BRD-K34469523,3.333333333330769,3.3333333333307689,BRD-K34469523|3.3333333333307689,T2
C-7161-01-LM6-003,L09,BRD-K34469523,1.1111111111153846,1.1111111111153846,BRD-K34469523|1.1111111111153846,T2
C-7161-01-LM6-003,L10,BRD-K34469523,0.3703703703692307,0.37037037036923071,BRD-K34469523|0.37037037036923071,T2
C-7161-01-LM6-003,L11,BRD-K34469523,0.1234567901230769,0.12345679012307691,BRD-K34469523|0.12345679012307691,T2
C-7161-01-LM6-003,L12,BRD-K34469523,0.041152263376923,0.041152263376923001,BRD-K34469523|0.041152263376923001,T2
C-7161-01-LM6-003,L13,BRD-K34713073,10.000000000000002,10.000000000000002,BRD-K34713073|10.000000000000002,validation
C-7161-01-LM6-003,L14,BRD-K34713073,3.333333333330769,3.3333333333307689,BRD-K34713073|3.3333333333307689,validation
C-7161-01-LM6-003,L15,BRD-K34713073,1.1111111111153846,1.1111111111153846,BRD-K34713073|1.1111111111153846,validation
C-7161-01-LM6-003,L16,BRD-K34713073,0.3703703703692307,0.37037037036923071,BRD-K34713073|0.37037037036923071,validation
C-7161-01-LM6-003,L17,BRD-K34713073,0.1234567901230769,0.12345679012307691,BRD-K34713073|0.12345679012307691,validation
C-7161-01-LM6-003,L18,BRD-K34713073,0.041152263376923,0.041152263376923001,BRD-K34713073|0.041152263376923001,validation
C-7161-01-LM6-003,L19,BRD-K34870043,10.000000000000002,10.000000000000002,BRD-K34870043|10.000000000000002,validation
C-7161-01-LM6-003,L20,BRD-K34870043,3.333333333330769,3.3333333333307689,BRD-K34870043|3.3333333333307689,validation
C-7161-01-LM6-003,L21,BRD-K34870043,1.1111111111153846,1.1111111111153846,BRD-K34870043|1.1111111111153846,validation
C-7161-01-LM6-003,L22,BRD-K34870043,0.3703703703692307,0.37037037036923071,BRD-K34870043|0.37037037036923071,validation
C-7161-01-LM6-003,L23,BRD-K34870043,0.1234567901230769,0.12345679012307691,BRD-K34870043|0.12345679012307691,validation
C-7161-01-LM6-003,L24,BRD-K34870043,0.041152263376923,0.041152263376923001,BRD-K34870043|0.041152263376923001,validation
C-7161-01-LM6-003,M01,BRD-K35245662,10.000000000000002,10.000000000000002,BRD-K35245662|10.000000000000002,validation
C-7161-01-LM6-003,M02,BRD-K35245662,3.333333333330769,3.3333333333307689,BRD-K35245662|3.3333333333307689,validation
C-7161-01-LM6-003,M03,BRD-K35245662,1.1111111111153846,1.1111111111153846,BRD-K35245662|1.1111111111153846,validation
C-7161-01-LM6-003,M04,BRD-K35245662,0.3703703703692307,0.37037037036923071,BRD-K35245662|0.37037037036923071,validation
C-7161-01-LM6-003,M05,BRD-K35245662,0.1234567901230769,0.12345679012307691,BRD-K35245662|0.12345679012307691,validation
C-7161-01-LM6-003,M06,BRD-K35245662,0.041152263376923,0.041152263376923001,BRD-K35245662|0.041152263376923001,validation
C-7161-01-LM6-003,M07,BRD-K35586044,10.000000000000002,10.000000000000002,BRD-K35586044|10.000000000000002,T2
C-7161-01-LM6-003,M08,BRD-K35586044,3.333333333330769,3.3333333333307689,BRD-K35586044|3.3333333333307689,T2
C-7161-01-LM6-003,M09,BRD-K35586044,1.1111111111153846,1.1111111111153846,BRD-K35586044|1.1111111111153846,T2
C-7161-01-LM6-003,M10,BRD-K35586044,0.3703703703692307,0.37037037036923071,BRD-K35586044|0.37037037036923071,T2
C-7161-01-LM6-003,M11,BRD-K35586044,0.1234567901230769,0.12345679012307691,BRD-K35586044|0.12345679012307691,T2
C-7161-01-LM6-003,M12,BRD-K35586044,0.041152263376923,0.041152263376923001,BRD-K35586044|0.041152263376923001,T2
C-7161-01-LM6-003,M13,BRD-K35629949,10.000000000000002,10.000000000000002,BRD-K35629949|10.000000000000002,T1
C-7161-01-LM6-003,M14,BRD-K35629949,3.333333333330769,3.3333333333307689,BRD-K35629949|3.3333333333307689,T1
C-7161-01-LM6-003,M15,BRD-K35629949,1.1111111111153846,1.1111111111153846,BRD-K35629949|1.1111111111153846,T1
C-7161-01-LM6-003,M16,BRD-K35629949,0.3703703703692307,0.37037037036923071,BRD-K35629949|0.37037037036923071,T1
C-7161-01-LM6-003,M17,BRD-K35629949,0.1234567901230769,0.12345679012307691,BRD-K35629949|0.12345679012307691,T1
C-7161-01-LM6-003,M18,BRD-K35629949,0.041152263376923,0.041152263376923001,BRD-K35629949|0.041152263376923001,T1
C-7161-01-LM6-003,M19,BRD-K35719256,10.000000000000002,10.000000000000002,BRD-K35719256|10.000000000000002,T2
C-7161-01-LM6-003,M20,BRD-K35719256,3.333333333330769,3.3333333333307689,BRD-K35719256|3.3333333333307689,T2
C-7161-01-LM6-003,M21,BRD-K35719256,1.1111111111153846,1.1111111111153846,BRD-K35719256|1.1111111111153846,T2
C-7161-01-LM6-003,M22,BRD-K35719256,0.3703703703692307,0.37037037036923071,BRD-K35719256|0.37037037036923071,T2
C-7161-01-LM6-003,M23,BRD-K35719256,0.1234567901230769,0.12345679012307691,BRD-K35719256|0.12345679012307691,T2
C-7161-01-LM6-003,M24,BRD-K35719256,0.041152263376923,0.041152263376923001,BRD-K35719256|0.041152263376923001,T2
C-7161-01-LM6-003,N01,BRD-K35520305,10.000000000000002,10.000000000000002,BRD-K35520305|10.000000000000002,T2
C-7161-01-LM6-003,N02,BRD-K35520305,3.333333333330769,3.3333333333307689,BRD-K35520305|3.3333333333307689,T2
C-7161-01-LM6-003,N03,BRD-K35520305,1.1111111111153846,1.1111111111153846,BRD-K35520305|1.1111111111153846,T2
C-7161-01-LM6-003,N04,BRD-K35520305,0.3703703703692307,0.37037037036923071,BRD-K35520305|0.37037037036923071,T2
C-7161-01-LM6-003,N05,BRD-K35520305,0.1234567901230769,0.12345679012307691,BRD-K35520305|0.12345679012307691,T2
C-7161-01-LM6-003,N06,BRD-K35520305,0.041152263376923,0.041152263376923001,BRD-K35520305|0.041152263376923001,T2
C-7161-01-LM6-003,N07,BRD-K35589454,10.000000000000002,10.000000000000002,BRD-K35589454|10.000000000000002,T1
C-7161-01-LM6-003,N08,BRD-K35589454,3.333333333330769,3.3333333333307689,BRD-K35589454|3.3333333333307689,T1
C-7161-01-LM6-003,N09,BRD-K35589454,1.1111111111153846,1.1111111111153846,BRD-K35589454|1.1111111111153846,T1
C-7161-01-LM6-003,N10,BRD-K35589454,0.3703703703692307,0.37037037036923071,BRD-K35589454|0.37037037036923071,T1
C-7161-01-LM6-003,N11,BRD-K35589454,0.1234567901230769,0.12345679012307691,BRD-K35589454|0.12345679012307691,T1
C-7161-01-LM6-003,N12,BRD-K35589454,0.041152263376923,0.041152263376923001,BRD-K35589454|0.041152263376923001,T1
C-7161-01-LM6-003,N13,BRD-K35687421,10.000000000000002,10.000000000000002,BRD-K35687421|10.000000000000002,T2
C-7161-01-LM6-003,N14,BRD-K35687421,3.333333333330769,3.3333333333307689,BRD-K35687421|3.3333333333307689,T2
C-7161-01-LM6-003,N15,BRD-K35687421,1.1111111111153846,1.1111111111153846,BRD-K35687421|1.1111111111153846,T2
C-7161-01-LM6-003,N16,BRD-K35687421,0.3703703703692307,0.37037037036923071,BRD-K35687421|0.37037037036923071,T2
C-7161-01-LM6-003,N17,BRD-K35687421,0.1234567901230769,0.12345679012307691,BRD-K35687421|0.12345679012307691,T2
C-7161-01-LM6-003,N18,BRD-K35687421,0.041152263376923,0.041152263376923001,BRD-K35687421|0.041152263376923001,T2
C-7161-01-LM6-003,N19,BRD-K35775715,10.000000000000002,10.000000000000002,BRD-K35775715|10.000000000000002,reserve
C-7161-01-LM6-003,N20,BRD-K35775715,3.333333333330769,3.3333333333307689,BRD-K35775715|3.3333333333307689,reserve
C-7161-01-LM6-003,N21,BRD-K35775715,1.1111111111153846,1.1111111111153846,BRD-K35775715|1.1111111111153846,reserve
C-7161-01-LM6-003,N22,BRD-K35775715,0.3703703703692307,0.37037037036923071,BRD-K35775715|0.37037037036923071,reserve
C-7161-01-LM6-003,N23,BRD-K35775715,0.1234567901230769,0.12345679012307691,BRD-K35775715|0.12345679012307691,reserve
C-7161-01-LM6-003,N24,BRD-K35775715,0.041152263376923,0.041152263376923001,BRD-K35775715|0.041152263376923001,reserve
C-7161-01-LM6-003,O07,BRD-A36331462,10.000000000000002,10.000000000000002,BRD-A36331462|10.000000000000002,T1
C-7161-01-LM6-003,O08,BRD-A36331462,3.333333333330769,3.3333333333307689,BRD-A36331462|3.3333333333307689,T1
C-7161-01-LM6-003,O09,BRD-A36331462,1.1111111111153846,1.1111111111153846,BRD-A36331462|1.1111111111153846,T1
C-7161-01-LM6-003,O10,BRD-A36331462,0.3703703703692307,0.37037037036923071,BRD-A36331462|0.37037037036923071,T1
C-7161-01-LM6-003,O11,BRD-A36331462,0.1234567901230769,0.12345679012307691,BRD-A36331462|0.12345679012307691,T1
C-7161-01-LM6-003,O12,BRD-A36331462,0.041152263376923,0.041152263376923001,BRD-A36331462|0.041152263376923001,T1
C-7161-01-LM6-003,O13,BRD-K36467523,10.000000000000002,10.000000000000002,BRD-K36467523|10.000000000000002,T2
C-7161-01-LM6-003,O14,BRD-K36467523,3.333333333330769,3.3333333333307689,BRD-K36467523|3.3333333333307689,T2
C-7161-01-LM6-003,O15,BRD-K36467523,1.1111111111153846,1.1111111111153846,BRD-K36467523|1.1111111111153846,T2
C-7161-01-LM6-003,O16,BRD-K36467523,0.3703703703692307,0.37037037036923071,BRD-K36467523|0.37037037036923071,T2
C-7161-01-LM6-003,O17,BRD-K36467523,0.1234567901230769,0.12345679012307691,BRD-K36467523|0.12345679012307691,T2
C-7161-01-LM6-003,O18,BRD-K36467523,0.041152263376923,0.041152263376923001,BRD-K36467523|0.041152263376923001,T2
C-7161-01-LM6-003,O19,BRD-K36680103,10.000000000000002,10.000000000000002,BRD-K36680103|10.000000000000002,T1
C-7161-01-LM6-003,O20,BRD-K36680103,3.333333333330769,3.3333333333307689,BRD-K36680103|3.3333333333307689,T1
C-7161-01-LM6-003,O21,BRD-K36680103,1.1111111111153846,1.1111111111153846,BRD-K36680103|1.1111111111153846,T1
C-7161-01-LM6-003,O22,BRD-K36680103,0.3703703703692307,0.37037037036923071,BRD-K36680103|0.37037037036923071,T1
C-7161-01-LM6-003,O23,BRD-K36680103,0.1234567901230769,0.12345679012307691,BRD-K36680103|0.12345679012307691,T1
C-7161-01-LM6-003,O24,BRD-K36680103,0.041152263376923,0.041152263376923001,BRD-K36680103|0.041152263376923001,T1
C-7161-01-LM6-003,P01,BRD-K36280065,10.000000000000002,10.000000000000002,BRD-K36280065|10.000000000000002,T2
C-7161-01-LM6-003,P02,BRD-K36280065,3.333333333330769,3.3333333333307689,BRD-K36280065|3.3333333333307689,T2
C-7161-01-LM6-003,P03,BRD-K36280065,1.1111111111153846,1.1111111111153846,BRD-K36280065|1.1111111111153846,T2
C-7161-01-LM6-003,P04,BRD-K36280065,0.3703703703692307,0.37037037036923071,BRD-K36280065|0.37037037036923071,T2
C-7161-01-LM6-003,P05,BRD-K36280065,0.1234567901230769,0.12345679012307691,BRD-K36280065|0.12345679012307691,T2
C-7161-01-LM6-003,P06,BRD-K36280065,0.041152263376923,0.041152263376923001,BRD-K36280065|0.041152263376923001,T2
C-7161-01-LM6-003,P07,BRD-K36386086,10.000000000000002,10.000000000000002,BRD-K36386086|10.000000000000002,T1
C-7161-01-LM6-003,P08,BRD-K36386086,3.333333333330769,3.3333333333307689,BRD-K36386086|3.3333333333307689,T1
C-7161-01-LM6-003,P09,BRD-K36386086,1.1111111111153846,1.1111111111153846,BRD-K36386086|1.1111111111153846,T1
C-7161-01-LM6-003,P10,BRD-K36386086,0.3703703703692307,0.37037037036923071,BRD-K36386086|0.37037037036923071,T1
C-7161-01-LM6-003,P11,BRD-K36386086,0.1234567901230769,0.12345679012307691,BRD-K36386086|0.12345679012307691,T1
C-7161-01-LM6-003,P12,BRD-K36386086,0.041152263376923,0.041152263376923001,BRD-K36386086|0.041152263376923001,T1
C-7161-01-LM6-003,P13,BRD-K36627727,10.000000000000002,10.000000000000002,BRD-K36627727|10.000000000000002,T1
C-7161-01-LM6-003,P14,BRD-K36627727,3.333333333330769,3.3333333333307689,BRD-K36627727|3.3333333333307689,T1
C-7161-01-LM6-003,P15,BRD-K36627727,1.1111111111153846,1.1111111111153846,BRD-K36627727|1.1111111111153846,T1
C-7161-01-LM6-003,P16,BRD-K36627727,0.3703703703692307,0.37037037036923071,BRD-K36627727|0.37037037036923071,T1
C-7161-01-LM6-003,P17,BRD-K36627727,0.1234567901230769,0.12345679012307691,BRD-K36627727|0.12345679012307691,T1
C-7161-01-LM6-003,P18,BRD-K36627727,0.041152263376923,0.041152263376923001,BRD-K36627727|0.041152263376923001,T1
C-7161-01-LM6-003,P19,BRD-K36732695,10.000000000000002,10.000000000000002,BRD-K36732695|10.000000000000002,validation
C-7161-01-LM6-003,P20,BRD-K36732695,3.333333333330769,3.3333333333307689,BRD-K36732695|3.3333333333307689,validation
C-7161-01-LM6-003,P21,BRD-K36732695,1.1111111111153846,1.1111111111153846,BRD-K36732695|1.1111111111153846,validation
C-7161-01-LM6-003,P22,BRD-K36732695,0.3703703703692307,0.37037037036923071,BRD-K36732695|0.37037037036923071,validation
C-7161-01-LM6-003,P23,BRD-K36732695,0.1234567901230769,0.12345679012307691,BRD-K36732695|0.12345679012307691,validation
C-7161-01-LM6-003,P24,BRD-K36732695,0.041152263376923,0.041152263376923001,BRD-K36732695|0.041152263376923001,validation
